"id","name","country","founded","industry","no_of_employees","website","description","e_mail"
1,"laurence","denmark",1986,"sports",1560,"0",NULL,"no email"
2,"hundai","new york",1899,"vehicle",200,"0",NULL,"no email"
3,"Gill-Lamb","Cote d'Ivoire",2005,"Apparel / Fashion",5105,"0",NULL,"no email"
4,"Bauer-Weiss","United States of America",2015,"Dairy",9069,"0",NULL,"no email"
5,"Love-Palmer","Denmark",2010,"Management Consulting",6991,"0",NULL,"no email"
6,"Farmer, Edwards and Andrade","Norfolk Island",2003,"Mental Health Care",3503,"0",NULL,"no email"
7,"Bass, Hester and Mcclain","Uzbekistan",1994,"Computer Hardware",2762,"0",NULL,"no email"
8,"Strickland, Gray and Jensen","Israel",1987,"Performing Arts",7020,"0",NULL,"no email"
9,"Sparks, Decker and Powell","Israel",1977,"Marketing / Advertising / Sales",2709,"0",NULL,"no email"
10,"Osborn, Ford and Macdonald","Syrian Arab Republic",1990,"Investment Banking / Venture",5731,"0",NULL,"no email"
11,"Gonzales Inc","Angola",2019,"Capital Markets / Hedge Fund ",2252,"0",NULL,"no email"
12,"Ballard, Goodman and Boone","Iran",2019,"Logistics / Procurement",6165,"0",NULL,"no email"
13,"Bernard, Payne and Spencer","Afghanistan",1990,"Transportation",730,"0",NULL,"no email"
14,"Mcpherson-Blanchard","Bulgaria",1972,"Law Enforcement",9890,"0",NULL,"no email"
15,"Koch, Gomez and Hays","French Southern Territories",1997,"Financial Services",8497,"0",NULL,"no email"
16,"Meza, Ramirez and Braun","Timor-Leste",2012,"Public Relations / PR",5205,"0",NULL,"no email"
17,"Morales, Hinton and Gibbs","Serbia",2014,"Museums / Institutions",6706,"0",NULL,"no email"
18,"Abbott-Arroyo","Hungary",1994,"Architecture / Planning",117,"0",NULL,"no email"
19,"Trevino-Foley","Canada",1973,"Wine / Spirits",6765,"0",NULL,"no email"
20,"Bowman, Walters and Sawyer","Yemen",1988,"Think Tanks",5926,"0",NULL,"no email"
21,"Shepherd PLC","Jamaica",1972,"Newspapers / Journalism",5687,"0",NULL,"no email"
22,"Solis, Knapp and Nash","Marshall Islands",1978,"Aviation / Aerospace",9277,"0",NULL,"no email"
23,"Young, Buchanan and Vazquez","Greenland",2005,"Sports",8299,"0",NULL,"no email"
25,"King Inc","French Southern Territories",2013,"Real Estate / Mortgage",7464,"0",NULL,"no email"
26,"Jacobs-Kline","Bhutan",1988,"Sporting Goods",2788,"0",NULL,"no email"
27,"Hardin, Walsh and Arias","Thailand",1980,"Graphic Design / Web Design",3738,"0",NULL,"no email"
28,"Mccann, Dominguez and Ray","Guadeloupe",2016,"Broadcast Media",8641,"0",NULL,"no email"
29,"Beltran Ltd","Uzbekistan",2016,"Media Production",2952,"0",NULL,"no email"
30,"Chaney-Kent","Hungary",1972,"Professional Training",1075,"0",NULL,"no email"
31,"Thomas PLC","Maldives",1972,"Telecommunications",2548,"0",NULL,"no email"
32,"Patton Inc","Seychelles",2002,"Venture Capital / VC",95,"0",NULL,"no email"
33,"Gay Inc","Myanmar",2019,"Luxury Goods / Jewelry",8106,"0",NULL,"no email"
34,"House-Perry","Maldives",1977,"Arts / Crafts",2938,"0",NULL,"no email"
35,"Cortez LLC","Antarctica (the territory South of 60 deg S)",1972,"Printing",9056,"0",NULL,"no email"
36,"Bridges-Carroll","Liechtenstein",1999,"Commercial Real Estate",8937,"0",NULL,"no email"
37,"Powers-Mack","Falkland Islands (Malvinas)",1983,"Sporting Goods",3985,"0",NULL,"no email"
38,"Baldwin, Warner and Russell","Jersey",1997,"Legal Services",7675,"0",NULL,"no email"
39,"Chase-Saunders","Palestinian Territory",1975,"Venture Capital / VC",9145,"0",NULL,"no email"
40,"Hood-Becker","Botswana",2004,"Human Resources / HR",1175,"0",NULL,"no email"
41,"Francis-Frazier","Christmas Island",2015,"Gambling / Casinos",6202,"0",NULL,"no email"
42,"Spence-Tran","United States of America",1996,"Package / Freight Delivery",7426,"0",NULL,"no email"
43,"Mcdowell-Dawson","Chad",1976,"Sporting Goods",2861,"0",NULL,"no email"
44,"Harrell LLC","Puerto Rico",2011,"Motion Pictures / Film",2726,"0",NULL,"no email"
45,"Mayer-Walter","Suriname",1997,"Civic / Social Organization",4595,"0",NULL,"no email"
46,"Cooley-Larson","Sri Lanka",1988,"Furniture",4171,"0",NULL,"no email"
47,"Henson Ltd","Heard Island and McDonald Islands",2010,"Photography",406,"0",NULL,"no email"
48,"Frye and Sons","Vietnam",2003,"Library",746,"0",NULL,"no email"
49,"Newton, Ferguson and Camacho","Namibia",2020,"Pharmaceuticals",8287,"0",NULL,"no email"
50,"Wall, Chandler and Chapman","Dominican Republic",1986,"Maritime",4604,"0",NULL,"no email"
51,"Leonard-Wilkinson","Chile",1995,"Wholesale",8952,"0",NULL,"no email"
52,"Walter and Sons","Nigeria",2014,"Information Technology / IT",440,"0",NULL,"no email"
53,"Pratt LLC","South Georgia and the South Sandwich Islands",1986,"Medical Equipment",5359,"0",NULL,"no email"
54,"Hebert-Santos","Cyprus",2004,"Gambling / Casinos",7982,"0",NULL,"no email"
55,"Hunt Ltd","Bahrain",1977,"Primary / Secondary Education",1693,"0",NULL,"no email"
56,"Gillespie, Hatfield and Mccarty","Indonesia",1982,"Education Management",5784,"0",NULL,"no email"
57,"Little Ltd","South Africa",2016,"Publishing Industry",7775,"0",NULL,"no email"
58,"Merritt-Mcgrath","Egypt",1988,"Maritime",6151,"0",NULL,"no email"
59,"Collier and Sons","Brazil",2020,"Transportation",9151,"0",NULL,"no email"
60,"Brooks LLC","Norway",2004,"Business Supplies / Equipment",58,"0",NULL,"no email"
61,"Werner, Berry and Dominguez","Botswana",2014,"Textiles",9676,"0",NULL,"no email"
62,"Stanton, Graves and Ibarra","Grenada",2000,"Professional Training",9431,"0",NULL,"no email"
63,"Aguirre Ltd","Nigeria",2020,"Public Safety",4941,"0",NULL,"no email"
64,"Romero-Aguirre","Bahamas",2006,"Think Tanks",142,"0",NULL,"no email"
65,"Caldwell Inc","Morocco",2008,"Library",1729,"0",NULL,"no email"
66,"Blevins, Love and Banks","Samoa",1977,"Renewables / Environment",1891,"0",NULL,"no email"
67,"Scott-Ramsey","Czech Republic",2018,"Design",8263,"0",NULL,"no email"
68,"Kennedy and Sons","Peru",1994,"Food Production",3296,"0",NULL,"no email"
69,"David and Sons","Serbia",2018,"Events Services",4660,"0",NULL,"no email"
70,"Graves Inc","Dominican Republic",1986,"Staffing / Recruiting",8802,"0",NULL,"no email"
71,"Mccann-Mcguire","Lesotho",1970,"Legal Services",5800,"0",NULL,"no email"
72,"Mclean-Mccarty","Qatar",1978,"Transportation",7610,"0",NULL,"no email"
73,"Sims, Arroyo and Brennan","Lithuania",1998,"Textiles",4963,"0",NULL,"no email"
74,"Taylor LLC","Central African Republic",1997,"Chemicals",8904,"0",NULL,"no email"
75,"Young LLC","Iran",1970,"Political Organization",5683,"0",NULL,"no email"
76,"Holden-Wolf","American Samoa",1996,"Utilities",5416,"0",NULL,"no email"
77,"Paul Ltd","Holy See (Vatican City State)",1993,"Media Production",4929,"0",NULL,"no email"
78,"Hinton Inc","Iran",2003,"Retail Industry",2658,"0",NULL,"no email"
79,"Stone Inc","Cote d'Ivoire",1984,"Alternative Medicine",816,"0",NULL,"no email"
80,"Hart, Williamson and Klein","Suriname",1970,"Management Consulting",4989,"0",NULL,"no email"
81,"Donaldson-Romero","Turkmenistan",2002,"Library",3232,"0",NULL,"no email"
82,"Joyce, Turner and Bolton","Bhutan",1975,"Online Publishing",6016,"0",NULL,"no email"
83,"Little Ltd","Mozambique",1989,"Farming",381,"0",NULL,"no email"
84,"Mercado Ltd","Lebanon",1971,"Consumer Electronics",4759,"0",NULL,"no email"
85,"Morrow-Lawson","Antigua and Barbuda",2009,"Food / Beverages",3925,"0",NULL,"no email"
86,"Compton LLC","Tonga",1997,"Industrial Automation",2011,"0",NULL,"no email"
87,"Clay-Delgado","Morocco",2003,"Fundraising",7902,"0",NULL,"no email"
88,"Fuller Inc","Guam",2013,"Food / Beverages",9074,"0",NULL,"no email"
89,"Mendoza Ltd","Bahamas",2002,"Textiles",5158,"0",NULL,"no email"
90,"Mccormick, Stafford and Soto","Guyana",2000,"Health / Fitness",9014,"0",NULL,"no email"
91,"Robbins-Contreras","Lao People's Democratic Republic",1998,"Investment Banking / Venture",2330,"0",NULL,"no email"
92,"Mcpherson, Gross and Mendez","Morocco",2002,"Maritime",4087,"0",NULL,"no email"
93,"Adkins Inc","Israel",1989,"Architecture / Planning",5338,"0",NULL,"no email"
94,"Watson, Haynes and Phelps","Eritrea",2006,"Capital Markets / Hedge Fund / Private Equity",7978,"0",NULL,"no email"
95,"Higgins, Stout and Page","South Africa",1997,"Music",2806,"0",NULL,"no email"
96,"Byrd Inc","Cocos (Keeling) Islands",2016,"Events Services",2240,"0",NULL,"no email"
97,"Norton Group","Burundi",2016,"Utilities",9497,"0",NULL,"no email"
98,"Preston, Evans and Woodward","Venezuela",1984,"Museums / Institutions",4291,"0",NULL,"no email"
99,"Miranda Group","Vietnam",1995,"Business Supplies / Equipment",7429,"0",NULL,"no email"
100,"Malone-Odom","Nepal",1997,"Alternative Medicine",4897,"0",NULL,"no email"
101,"Gamble-Hill","Brunei Darussalam",1993,"Computer / Network Security",3468,"0",NULL,"no email"
102,"Russo, Berger and Hopkins","Micronesia",2011,"Insurance",3415,"0",NULL,"no email"
103,"Wilcox LLC","Brazil",1988,"Computer Games",8471,"0",NULL,"no email"
104,"Pham-Bond","Comoros",1987,"Real Estate / Mortgage",6746,"0",NULL,"no email"
105,"Bush and Sons","Tunisia",2015,"Railroad Manufacture",6321,"0",NULL,"no email"
106,"Donaldson Group","Belarus",2016,"Shipbuilding",1027,"0",NULL,"no email"
107,"Heath-Barrera","Senegal",2018,"Retail Industry",9569,"0",NULL,"no email"
108,"Ward and Sons","France",2001,"Veterinary",8887,"0",NULL,"no email"
109,"Nielsen-Cooper","Tunisia",1975,"Law Practice / Law Firms",5303,"0",NULL,"no email"
110,"Davies-Fox","Philippines",1982,"Program Development",6397,"0",NULL,"no email"
111,"Griffith Group","Djibouti",2009,"Furniture",1839,"0",NULL,"no email"
112,"Welch, Blake and Hamilton","Singapore",1972,"Program Development",2059,"0",NULL,"no email"
113,"Henry, Mendoza and Holder","Yemen",2014,"Renewables / Environment",1126,"0",NULL,"no email"
114,"Conley Group","British Indian Ocean Territory (Chagos Archipelago)",2013,"Events Services",3806,"0",NULL,"no email"
115,"Duncan-Bradshaw","Oman",1998,"Wine / Spirits",7209,"0",NULL,"no email"
116,"Rowland Group","Antigua and Barbuda",2000,"Computer Games",4998,"0",NULL,"no email"
117,"Pacheco, Wheeler and Watts","Solomon Islands",1971,"Wireless",5726,"0",NULL,"no email"
118,"Mccann LLC","Malaysia",2009,"Maritime",7152,"0",NULL,"no email"
119,"Case, Luna and Ballard","Korea",1976,"Market Research",1202,"0",NULL,"no email"
120,"Hardy-Clements","El Salvador",2010,"Machinery",8486,"0",NULL,"no email"
121,"Snyder, Levine and Dodson","Saudi Arabia",2019,"Museums / Institutions",8656,"0",NULL,"no email"
122,"Lopez, Moyer and Crane","Western Sahara",1985,"Mechanical or Industrial Engineering",9665,"0",NULL,"no email"
123,"Robles-Hubbard","Micronesia",2021,"Executive Office",3536,"0",NULL,"no email"
124,"Sanchez-Bell","Lao People's Democratic Republic",1987,"Graphic Design / Web Design",9240,"0",NULL,"no email"
125,"Adams and Sons","Philippines",1987,"Computer / Network Security",1107,"0",NULL,"no email"
126,"Cole-Gordon","Bahrain",2017,"Furniture",7082,"0",NULL,"no email"
127,"Burnett, Estes and Bush","Yemen",2012,"Paper / Forest Products",5608,"0",NULL,"no email"
128,"Bautista PLC","Rwanda",1987,"Nanotechnology",7917,"0",NULL,"no email"
129,"Alvarado Inc","Bhutan",2020,"Hospitality",4256,"0",NULL,"no email"
130,"Rios, Floyd and Diaz","South Georgia and the South Sandwich Islands",1975,"Farming",2319,"0",NULL,"no email"
131,"Pacheco-Bruce","Ecuador",1982,"Furniture",20,"0",NULL,"no email"
132,"Mckenzie, Mcclain and Benson","New Zealand",1973,"Think Tanks",5644,"0",NULL,"no email"
133,"Hodges-Rollins","Tanzania",1970,"Mechanical or Industrial Engineering",8970,"0",NULL,"no email"
134,"Baker-Sexton","Portugal",2007,"Commercial Real Estate",2441,"0",NULL,"no email"
135,"Mckay, Cervantes and Blevins","Western Sahara",1977,"Investment Management / Hedge Fund / Private Equity",9237,"0",NULL,"no email"
136,"Livingston, Stein and Byrd","India",2019,"Internet",8578,"0",NULL,"no email"
137,"Sweeney-Melendez","United Kingdom",1984,"Newspapers / Journalism",4206,"0",NULL,"no email"
138,"Vaughan LLC","Dominican Republic",2015,"Banking / Mortgage",7755,"0",NULL,"no email"
139,"Pitts Ltd","Georgia",1989,"Public Relations / PR",2674,"0",NULL,"no email"
140,"Drake LLC","Vanuatu",1971,"Restaurants",9615,"0",NULL,"no email"
141,"Mcguire, Ritter and Warren","Tunisia",2006,"Events Services",3329,"0",NULL,"no email"
142,"Ware, Smith and Mendez","Vietnam",1997,"Venture Capital / VC",8518,"0",NULL,"no email"
143,"Glenn, Savage and Ewing","French Southern Territories",1981,"Animation",6826,"0",NULL,"no email"
144,"Townsend, Richmond and Underwood","Congo",1973,"Music",9915,"0",NULL,"no email"
145,"Mcpherson, Cameron and Whitehead","Azerbaijan",1978,"Wine / Spirits",5942,"0",NULL,"no email"
146,"Gross-Duncan","Somalia",2017,"Cosmetics",723,"0",NULL,"no email"
147,"Hutchinson-Leblanc","Tuvalu",2007,"Wine / Spirits",1431,"0",NULL,"no email"
148,"Caldwell-Atkins","Svalbard & Jan Mayen Islands",2000,"Media Production",8706,"0",NULL,"no email"
149,"Castro, Moses and Wolfe","Antarctica (the territory South of 60 deg S)",1997,"Veterinary",2878,"0",NULL,"no email"
150,"Branch-Cross","Guam",1990,"Investment Banking / Venture",1228,"0",NULL,"no email"
151,"Chung, Patel and Moore","Ecuador",2008,"Primary / Secondary Education",2928,"0",NULL,"no email"
152,"Castro-Mercer","Jersey",1974,"Industrial Automation",3308,"0",NULL,"no email"
153,"Owens PLC","Sudan",2008,"Legal Services",4343,"0",NULL,"no email"
154,"Goodwin, Callahan and Pratt","Nauru",1998,"Architecture / Planning",7808,"0",NULL,"no email"
155,"Stephens Group","Comoros",1983,"Fundraising",953,"0",NULL,"no email"
156,"Davies, Sloan and Ashley","Malaysia",1989,"Airlines / Aviation",4281,"0",NULL,"no email"
157,"Conner, Ferguson and Baxter","Tuvalu",2016,"Biotechnology / Greentech",3528,"0",NULL,"no email"
158,"Freeman, Robbins and Joseph","Falkland Islands (Malvinas)",1993,"International Affairs",7067,"0",NULL,"no email"
159,"Orr-Joseph","Congo",2001,"Textiles",4375,"0",NULL,"no email"
160,"Mills-Humphrey","Brazil",2017,"Luxury Goods / Jewelry",3778,"0",NULL,"no email"
161,"Cameron, Osborn and Pollard","French Polynesia",2018,"Mechanical or Industrial Engineering",2775,"0",NULL,"no email"
162,"Young Inc","Costa Rica",2001,"Computer Networking",3541,"0",NULL,"no email"
163,"Lam Group","Kazakhstan",2006,"Broadcast Media",2760,"0",NULL,"no email"
164,"Molina, Alexander and Reilly","Svalbard & Jan Mayen Islands",1993,"Construction",765,"0",NULL,"no email"
165,"Bush PLC","Taiwan",2016,"Arts / Crafts",4505,"0",NULL,"no email"
166,"Novak, Mcguire and Copeland","Chad",2011,"Packaging / Containers",8128,"0",NULL,"no email"
167,"Mullins, Cook and Webb","Lebanon",1998,"Entertainment / Movie Production",4556,"0",NULL,"no email"
168,"Costa PLC","Somalia",1982,"Arts / Crafts",5077,"0",NULL,"no email"
169,"Parker Ltd","Christmas Island",2009,"Accounting",6947,"0",NULL,"no email"
170,"Hickman LLC","Nigeria",2011,"Industrial Automation",1282,"0",NULL,"no email"
171,"Horton Inc","Serbia",2006,"Food / Beverages",3599,"0",NULL,"no email"
172,"Perez Inc","Haiti",2020,"Paper / Forest Products",3215,"0",NULL,"no email"
173,"Lucero-Rodriguez","Switzerland",1976,"Defense / Space",9625,"0",NULL,"no email"
174,"Boyd Group","Moldova",1995,"Medical Equipment",7344,"0",NULL,"no email"
175,"Pollard LLC","French Guiana",2013,"Performing Arts",9329,"0",NULL,"no email"
176,"Mckay Group","Indonesia",2021,"Consumer Electronics",2304,"0",NULL,"no email"
177,"Moran, Nichols and Kelly","Solomon Islands",1970,"Alternative Medicine",1124,"0",NULL,"no email"
178,"Franklin, Parsons and Mccoy","Mozambique",2004,"Textiles",6962,"0",NULL,"no email"
179,"Alvarez LLC","Seychelles",1973,"Research Industry",5176,"0",NULL,"no email"
180,"Ballard-Benjamin","Gambia",1984,"Consumer Electronics",1339,"0",NULL,"no email"
181,"Byrd, Wallace and Bryan","Zimbabwe",1975,"Package / Freight Delivery",5371,"0",NULL,"no email"
182,"Hayden and Sons","Norfolk Island",2013,"Hospital / Health Care",8746,"0",NULL,"no email"
183,"Hicks, Hall and Hopkins","Benin",1979,"Writing / Editing",9652,"0",NULL,"no email"
184,"Koch Group","Croatia",1994,"Government Relations",6847,"0",NULL,"no email"
185,"Barajas, Hunt and Frye","Denmark",1980,"Philanthropy",3233,"0",NULL,"no email"
186,"Raymond-Rivers","Nicaragua",1995,"Plastics",3836,"0",NULL,"no email"
187,"Newman, Medina and Luna","Korea",1971,"Think Tanks",876,"0",NULL,"no email"
188,"Schneider-Elliott","Bahamas",2021,"Supermarkets",7306,"0",NULL,"no email"
189,"Mays, Robles and Shah","Cambodia",1989,"Chemicals",9666,"0",NULL,"no email"
190,"Huynh and Sons","Swaziland",1993,"Furniture",1359,"0",NULL,"no email"
191,"Gonzales-Schneider","Timor-Leste",1989,"Oil / Energy / Solar / Greentech",687,"0",NULL,"no email"
192,"Harding Inc","Pakistan",1986,"Events Services",6891,"0",NULL,"no email"
193,"Shelton PLC","Saudi Arabia",1973,"Food Production",9909,"0",NULL,"no email"
194,"Elliott, Hood and Estrada","Ethiopia",2014,"Automotive",3493,"0",NULL,"no email"
195,"Ayers, Pierce and Vang","Bahamas",1974,"Professional Training",6594,"0",NULL,"no email"
196,"Cardenas, Brown and Melton","Thailand",1980,"Hospitality",8328,"0",NULL,"no email"
197,"Espinoza PLC","Colombia",1999,"Construction",4441,"0",NULL,"no email"
198,"Levy, Carey and Carpenter","Moldova",2013,"Real Estate / Mortgage",6334,"0",NULL,"no email"
199,"Pugh-Sampson","French Southern Territories",1986,"Wireless",9256,"0",NULL,"no email"
200,"Fuller, Beasley and Rivas","Tajikistan",1984,"Mining / Metals",9432,"0",NULL,"no email"
201,"Galloway-Williamson","Libyan Arab Jamahiriya",1975,"Animation",1512,"0",NULL,"no email"
202,"Haney, Kirk and Cox","Marshall Islands",1985,"Library",3975,"0",NULL,"no email"
203,"Michael and Sons","Austria",1988,"Museums / Institutions",3837,"0",NULL,"no email"
204,"Lara-Andrews","United Arab Emirates",1978,"Fundraising",2354,"0",NULL,"no email"
205,"Harvey Inc","Singapore",1998,"Maritime",4256,"0",NULL,"no email"
206,"Beltran, Flores and Kelley","Argentina",1970,"Railroad Manufacture",1371,"0",NULL,"no email"
207,"Hall Group","Greenland",1982,"Construction",5969,"0",NULL,"no email"
208,"Rocha-Snyder","Guatemala",1986,"Machinery",2008,"0",NULL,"no email"
209,"Riley, Ortiz and Shelton","Peru",1988,"Consumer Electronics",597,"0",NULL,"no email"
210,"Keith-Mora","Uganda",1976,"Music",1555,"0",NULL,"no email"
211,"Curry, Blake and Leblanc","Cayman Islands",1973,"Think Tanks",2164,"0",NULL,"no email"
212,"Olson-Mcconnell","Faroe Islands",1970,"Medical Equipment",9170,"0",NULL,"no email"
213,"Bowen Group","Ecuador",1980,"Market Research",2179,"0",NULL,"no email"
214,"Choi, Daniels and Gay","Holy See (Vatican City State)",2004,"Food / Beverages",3410,"0",NULL,"no email"
215,"Esparza, Jimenez and Hendrix","Ukraine",2003,"Events Services",9709,"0",NULL,"no email"
216,"Collins Group","Netherlands Antilles",2008,"Internet",9616,"0",NULL,"no email"
217,"Morrow Inc","Pakistan",2011,"Government Administration",9434,"0",NULL,"no email"
218,"Mercer, Arroyo and Camacho","Kyrgyz Republic",2018,"Higher Education / Acadamia",5253,"0",NULL,"no email"
219,"Escobar, Gilmore and Mahoney","Kazakhstan",1988,"International Trade / Development",5975,"0",NULL,"no email"
220,"Garrett PLC","Uruguay",1994,"Medical Practice",4965,"0",NULL,"no email"
221,"Owen, Hansen and Lynch","Venezuela",1984,"Entertainment / Movie Production",5331,"0",NULL,"no email"
222,"Mcdaniel, Cunningham and Buck","Uruguay",2016,"International Affairs",1346,"0",NULL,"no email"
223,"Livingston-Short","Bahamas",1973,"Warehousing",6921,"0",NULL,"no email"
224,"Woodard Group","South Africa",1994,"Ranching",1257,"0",NULL,"no email"
225,"Hamilton LLC","Germany",2016,"Mental Health Care",2495,"0",NULL,"no email"
226,"Alvarez, Mendoza and Trujillo","United States Minor Outlying Islands",1973,"Packaging / Containers",3699,"0",NULL,"no email"
227,"Ayers LLC","Aruba",1971,"Wholesale",7898,"0",NULL,"no email"
228,"Sanchez, Berger and Richard","Switzerland",1977,"Translation / Localization",6443,"0",NULL,"no email"
229,"Clayton-Kelly","Kyrgyz Republic",2013,"Writing / Editing",4691,"0",NULL,"no email"
230,"Gibbs and Sons","Saint Martin",2014,"Arts / Crafts",3052,"0",NULL,"no email"
231,"Copeland, Booth and Patrick","China",1975,"Logistics / Procurement",1623,"0",NULL,"no email"
232,"Cross PLC","Brazil",1976,"Government Relations",3101,"0",NULL,"no email"
233,"Chambers-Kemp","Algeria",2021,"Accounting",4288,"0",NULL,"no email"
234,"Estrada-Leon","Somalia",1973,"Aviation / Aerospace",3615,"0",NULL,"no email"
235,"Freeman, Cooke and Wright","Saint Pierre and Miquelon",1997,"Judiciary",3480,"0",NULL,"no email"
236,"Davis-Dillon","Dominican Republic",2007,"Computer / Network Security",6607,"0",NULL,"no email"
237,"Mccann-Huang","Uganda",1986,"Military Industry",3652,"0",NULL,"no email"
238,"Roberts Group","Somalia",2021,"Individual / Family Services",8534,"0",NULL,"no email"
239,"Lynch Inc","Jersey",2011,"Computer / Network Security",2050,"0",NULL,"no email"
240,"Cohen LLC","Saint Vincent and the Grenadines",1983,"Civic / Social Organization",8145,"0",NULL,"no email"
241,"Farley LLC","United States Virgin Islands",2014,"Judiciary",1055,"0",NULL,"no email"
242,"Larson LLC","Lithuania",2011,"Animation",2759,"0",NULL,"no email"
243,"Lyons-Meyer","Turks and Caicos Islands",1999,"Food Production",695,"0",NULL,"no email"
244,"Conley PLC","Lithuania",1970,"Internet",3095,"0",NULL,"no email"
245,"Serrano, Moses and Ho","Kenya",1974,"Nanotechnology",5247,"0",NULL,"no email"
246,"Hernandez Ltd","Indonesia",2003,"Environmental Services",795,"0",NULL,"no email"
247,"Hoover, Johns and French","Myanmar",2015,"Biotechnology / Greentech",5436,"0",NULL,"no email"
248,"King Inc","Afghanistan",1985,"Apparel / Fashion",6819,"0",NULL,"no email"
249,"Mcclain Ltd","United Kingdom",1993,"Information Technology / IT",6001,"0",NULL,"no email"
250,"Rojas, Andrews and Odonnell","Algeria",1981,"Library",6429,"0",NULL,"no email"
251,"Hoover, Mack and Larsen","Mauritius",1995,"Civic / Social Organization",4502,"0",NULL,"no email"
252,"Rosales-Armstrong","Mexico",2019,"Building Materials",3362,"0",NULL,"no email"
253,"Newton LLC","Belarus",1997,"Mental Health Care",3886,"0",NULL,"no email"
254,"Griffin-Bauer","Russian Federation",1987,"Security / Investigations",8587,"0",NULL,"no email"
255,"Whitaker-Lara","Azerbaijan",1992,"Glass / Ceramics / Concrete",8323,"0",NULL,"no email"
256,"Arellano-Kemp","Saint Pierre and Miquelon",1971,"Medical Equipment",1993,"0",NULL,"no email"
257,"Henderson Group","Myanmar",1992,"Think Tanks",2553,"0",NULL,"no email"
258,"Simon-Decker","Israel",1976,"Accounting",9686,"0",NULL,"no email"
259,"Snyder, Gordon and Merritt","Malawi",1982,"Management Consulting",1982,"0",NULL,"no email"
260,"Ward-Cox","Barbados",2009,"Facilities Services",2996,"0",NULL,"no email"
261,"Mathis, Salazar and Ramsey","Indonesia",1995,"Dairy",2781,"0",NULL,"no email"
262,"Hobbs-Johnston","Guinea-Bissau",1994,"Program Development",5840,"0",NULL,"no email"
263,"Hunter-Kane","Cook Islands",2004,"Individual / Family Services",346,"0",NULL,"no email"
264,"Horn-Faulkner","Slovenia",2014,"Medical Equipment",6495,"0",NULL,"no email"
265,"Singh-Pace","Rwanda",1977,"Broadcast Media",8318,"0",NULL,"no email"
266,"Moss Inc","Grenada",1997,"Electrical / Electronic Manufacturing",48,"0",NULL,"no email"
267,"Tate Ltd","Guatemala",1993,"Staffing / Recruiting",4118,"0",NULL,"no email"
268,"Foster-Knapp","Uganda",2010,"Cosmetics",2413,"0",NULL,"no email"
269,"Hoffman, Castillo and Oneal","Namibia",1985,"Research Industry",2609,"0",NULL,"no email"
270,"Maddox-Novak","Costa Rica",2009,"Warehousing",4031,"0",NULL,"no email"
271,"Cordova, Huerta and Barry","Saint Martin",1983,"Research Industry",7118,"0",NULL,"no email"
272,"Horn-Blake","Hungary",2017,"Dairy",4156,"0",NULL,"no email"
273,"Reynolds, Hays and Hampton","Niger",2014,"Semiconductors",3752,"0",NULL,"no email"
274,"Holloway LLC","Malawi",2019,"Investment Banking / Venture",561,"0",NULL,"no email"
275,"Kelley, Nash and Burns","Saint Helena",2002,"Printing",2913,"0",NULL,"no email"
276,"Jacobs-Sawyer","Cape Verde",1993,"Maritime",3118,"0",NULL,"no email"
277,"Russo-Cameron","Indonesia",2012,"Apparel / Fashion",5680,"0",NULL,"no email"
278,"Cain Group","Niue",1994,"Supermarkets",9505,"0",NULL,"no email"
279,"Shea-Peck","Saint Helena",2005,"Alternative Medicine",8338,"0",NULL,"no email"
280,"Grimes PLC","Korea",2005,"Civil Engineering",3070,"0",NULL,"no email"
281,"Hopkins-Wood","Croatia",1987,"Pharmaceuticals",3160,"0",NULL,"no email"
282,"Hobbs, Evans and Holder","Italy",2001,"Aviation / Aerospace",8461,"0",NULL,"no email"
283,"Fletcher PLC","Grenada",1993,"Logistics / Procurement",5184,"0",NULL,"no email"
284,"Macias-Roth","Hungary",1988,"Defense / Space",6796,"0",NULL,"no email"
285,"Guerra, Mays and Alvarado","India",2019,"Fine Art",1971,"0",NULL,"no email"
286,"Whitaker Group","Chad",2005,"Computer Software / Engineering",7007,"0",NULL,"no email"
287,"Fritz Ltd","Kazakhstan",1975,"Graphic Design / Web Design",7020,"0",NULL,"no email"
288,"Knapp-Maldonado","Christmas Island",2013,"E - Learning",6143,"0",NULL,"no email"
289,"Robinson PLC","Canada",2003,"Broadcast Media",1310,"0",NULL,"no email"
290,"Adkins-Walters","Malawi",1994,"Sports",1790,"0",NULL,"no email"
291,"Wu-Murray","Pitcairn Islands",2008,"Veterinary",728,"0",NULL,"no email"
292,"Foster Inc","France",1981,"Legislative Office",7348,"0",NULL,"no email"
293,"Arellano, Moran and Conway","Papua New Guinea",1976,"Food / Beverages",4941,"0",NULL,"no email"
294,"Todd-Mccarty","Guinea-Bissau",1984,"Performing Arts",1416,"0",NULL,"no email"
295,"Lee-Marks","Costa Rica",1985,"Marketing / Advertising / Sales",3511,"0",NULL,"no email"
296,"Watkins, Russo and Henry","Turkmenistan",2015,"Real Estate / Mortgage",2401,"0",NULL,"no email"
297,"Dixon Inc","Guinea-Bissau",2013,"Utilities",7607,"0",NULL,"no email"
298,"Watkins Group","Guernsey",2005,"Mental Health Care",9013,"0",NULL,"no email"
299,"Kirk-Moody","Cameroon",1971,"Government Administration",4110,"0",NULL,"no email"
300,"Larson Ltd","Gabon",2014,"Wireless",5197,"0",NULL,"no email"
301,"Perez Group","Comoros",2007,"Wine / Spirits",8889,"0",NULL,"no email"
302,"Charles Inc","New Zealand",2011,"Utilities",7014,"0",NULL,"no email"
303,"Green-Frye","Uzbekistan",2011,"Computer Networking",7776,"0",NULL,"no email"
304,"Banks PLC","Greece",2003,"Machinery",7919,"0",NULL,"no email"
305,"Hood, Evans and Waters","Austria",2006,"Medical Equipment",6998,"0",NULL,"no email"
306,"Roberson-Bailey","Maldives",2006,"Political Organization",4131,"0",NULL,"no email"
307,"Hurley-Marquez","Sudan",2017,"Telecommunications",3313,"0",NULL,"no email"
308,"Macdonald PLC","Ethiopia",1975,"Events Services",6603,"0",NULL,"no email"
309,"Salas and Sons","Iran",1991,"Food Production",2668,"0",NULL,"no email"
310,"Howe, Byrd and Owens","Australia",2010,"Financial Services",7597,"0",NULL,"no email"
311,"Acosta-Lam","Finland",1991,"Oil / Energy / Solar / Greentech",4437,"0",NULL,"no email"
312,"Crane PLC","Gibraltar",2015,"Information Services",6357,"0",NULL,"no email"
313,"English, Oneal and Savage","Nicaragua",1989,"Dairy",3209,"0",NULL,"no email"
314,"Carey, Moss and Bolton","Timor-Leste",2020,"Graphic Design / Web Design",2613,"0",NULL,"no email"
315,"Caldwell Ltd","Tonga",1978,"Entertainment / Movie Production",5260,"0",NULL,"no email"
316,"Maddox Ltd","Malawi",2011,"Individual / Family Services",5972,"0",NULL,"no email"
317,"Byrd Inc","Jordan",2016,"Computer Games",3182,"0",NULL,"no email"
318,"Williams-Pennington","Greenland",1972,"Packaging / Containers",4484,"0",NULL,"no email"
319,"Schaefer, Graham and Valdez","United Arab Emirates",2010,"Chemicals",1681,"0",NULL,"no email"
320,"Oconnell-Ponce","Uzbekistan",1999,"Alternative Dispute Resolution",6702,"0",NULL,"no email"
321,"Schroeder LLC","Kenya",1979,"Transportation",1185,"0",NULL,"no email"
322,"Horn-Pace","Vanuatu",1998,"Outsourcing / Offshoring",6162,"0",NULL,"no email"
323,"Donovan-Carson","Pakistan",2013,"Human Resources / HR",7498,"0",NULL,"no email"
324,"Pittman-Buchanan","United States of America",1988,"Farming",3610,"0",NULL,"no email"
325,"Bridges, Velez and Rivera","New Zealand",1993,"Media Production",8480,"0",NULL,"no email"
326,"Michael-Lee","Andorra",2004,"Law Practice / Law Firms",8506,"0",NULL,"no email"
327,"Alvarado-Anthony","Cape Verde",1978,"Outsourcing / Offshoring",28,"0",NULL,"no email"
328,"Dunlap, Mccullough and Pittman","Israel",2014,"Dairy",8217,"0",NULL,"no email"
329,"Petty Ltd","Sao Tome and Principe",2013,"Business Supplies / Equipment",7455,"0",NULL,"no email"
330,"Flowers, Levy and Wallace","United States Minor Outlying Islands",1976,"Chemicals",1831,"0",NULL,"no email"
331,"Brooks Inc","Spain",1976,"Medical Equipment",4320,"0",NULL,"no email"
332,"Hanna PLC","French Southern Territories",1987,"Sports",7806,"0",NULL,"no email"
333,"Thompson Ltd","Andorra",1980,"Chemicals",6676,"0",NULL,"no email"
334,"Hendricks PLC","Grenada",1981,"Defense / Space",4680,"0",NULL,"no email"
335,"Houston-Ayala","Anguilla",2020,"Legislative Office",4704,"0",NULL,"no email"
336,"Palmer-Stokes","Denmark",2016,"Civic / Social Organization",3242,"0",NULL,"no email"
337,"Avila-Nelson","Lesotho",2012,"Cosmetics",2235,"0",NULL,"no email"
338,"Bird and Sons","Nepal",1977,"Biotechnology / Greentech",7050,"0",NULL,"no email"
339,"York, Harding and Huerta","Vietnam",2021,"Public Relations / PR",6532,"0",NULL,"no email"
340,"Graham Ltd","Greece",1979,"Logistics / Procurement",5786,"0",NULL,"no email"
341,"Dunlap, Moss and Dixon","Estonia",1976,"Information Services",2874,"0",NULL,"no email"
342,"Norman-Hoffman","Yemen",2016,"Banking / Mortgage",2080,"0",NULL,"no email"
343,"Allison PLC","France",1993,"Maritime",1545,"0",NULL,"no email"
344,"Parrish Group","British Indian Ocean Territory (Chagos Archipelago)",2019,"Hospital / Health Care",1,"0",NULL,"no email"
345,"Gardner Ltd","Bahrain",1970,"Religious Institutions",3702,"0",NULL,"no email"
346,"Everett-Frederick","Palau",2002,"Executive Office",5890,"0",NULL,"no email"
347,"Kaiser-Newman","Wallis and Futuna",1990,"Wireless",8323,"0",NULL,"no email"
348,"Morris, Villegas and English","Kenya",2021,"Sporting Goods",9089,"0",NULL,"no email"
349,"Nichols, Dawson and Holloway","Uruguay",2009,"Venture Capital / VC",2198,"0",NULL,"no email"
350,"Sharp and Sons","China",2010,"Investment Management / Hedge Fund / Private Equity",2828,"0",NULL,"no email"
351,"Mann PLC","Palau",1995,"Food Production",5799,"0",NULL,"no email"
352,"House-Mueller","Mayotte",2015,"Printing",1859,"0",NULL,"no email"
353,"Bright, Randolph and Romero","Namibia",1987,"Sporting Goods",1904,"0",NULL,"no email"
354,"Howe Group","Lesotho",1987,"Newspapers / Journalism",2895,"0",NULL,"no email"
355,"Mills-Clements","Kenya",1988,"Public Relations / PR",8674,"0",NULL,"no email"
356,"Edwards Ltd","Ghana",1997,"Military Industry",5943,"0",NULL,"no email"
357,"Dougherty-Tate","Honduras",1991,"Food Production",8318,"0",NULL,"no email"
358,"Hill-Ramirez","Niue",2013,"Veterinary",4736,"0",NULL,"no email"
359,"Frost, Zimmerman and Vargas","Macedonia",1978,"Events Services",4953,"0",NULL,"no email"
360,"Conway, Case and Rowland","Vanuatu",1983,"Investment Banking / Venture",3026,"0",NULL,"no email"
361,"Combs-Romero","Suriname",2019,"Computer / Network Security",7903,"0",NULL,"no email"
362,"Mccall-Flowers","France",2013,"Sports",4243,"0",NULL,"no email"
363,"Hart, Kent and Hurley","Timor-Leste",2010,"Media Production",2836,"0",NULL,"no email"
364,"Curry Group","Monaco",1978,"Paper / Forest Products",2190,"0",NULL,"no email"
365,"Hinton, Lucero and Hancock","Cameroon",2003,"Medical Equipment",5594,"0",NULL,"no email"
366,"Daniels Ltd","Togo",2000,"Mining / Metals",7702,"0",NULL,"no email"
367,"Cline Inc","Argentina",2009,"Translation / Localization",8887,"0",NULL,"no email"
368,"Guerrero Group","Azerbaijan",2014,"Civil Engineering",3313,"0",NULL,"no email"
369,"Humphrey, Holloway and Lutz","Gabon",1982,"Museums / Institutions",1419,"0",NULL,"no email"
370,"Best, Mckay and Guerrero","Chad",2020,"Building Materials",871,"0",NULL,"no email"
371,"Ayers, Andrews and Branch","Ukraine",2009,"Online Publishing",934,"0",NULL,"no email"
372,"Holland Group","Estonia",1979,"Paper / Forest Products",7664,"0",NULL,"no email"
373,"Saunders-Fitzgerald","Zimbabwe",1979,"Think Tanks",6956,"0",NULL,"no email"
374,"Walls-Guerra","Ukraine",1999,"Textiles",5701,"0",NULL,"no email"
375,"Kline-Sampson","Guam",1973,"Arts / Crafts",2185,"0",NULL,"no email"
376,"Moyer, Miranda and Fleming","Sierra Leone",2019,"Staffing / Recruiting",3482,"0",NULL,"no email"
377,"Mcmahon PLC","Haiti",2012,"Automotive",8491,"0",NULL,"no email"
378,"Mendoza PLC","Kiribati",1986,"Telecommunications",4233,"0",NULL,"no email"
379,"Byrd, Baker and Walsh","Nigeria",2005,"Facilities Services",1786,"0",NULL,"no email"
380,"Wagner-Lawrence","Denmark",1976,"Law Practice / Law Firms",5799,"0",NULL,"no email"
381,"Tate PLC","Georgia",2020,"Machinery",9286,"0",NULL,"no email"
382,"Moyer-Benson","Zambia",1985,"Wireless",6993,"0",NULL,"no email"
383,"Rush, Wilson and Vaughan","Moldova",1974,"Food / Beverages",168,"0",NULL,"no email"
384,"Mayer, Rios and Dunn","Tonga",1981,"Wireless",2170,"0",NULL,"no email"
385,"Ramos Group","Suriname",1997,"Wireless",8627,"0",NULL,"no email"
386,"Dickerson-Taylor","Cape Verde",1981,"Venture Capital / VC",4679,"0",NULL,"no email"
387,"Roth, Rojas and Mora","Mauritania",2007,"Law Practice / Law Firms",7262,"0",NULL,"no email"
388,"Vaughn-Tran","Serbia",1976,"Online Publishing",1018,"0",NULL,"no email"
389,"Williams Group","Micronesia",1975,"Consumer Goods",3327,"0",NULL,"no email"
390,"Parsons, Bishop and Joseph","Colombia",2014,"Shipbuilding",6864,"0",NULL,"no email"
391,"Thornton-Houston","Honduras",1983,"Publishing Industry",6436,"0",NULL,"no email"
392,"Waller-Baker","Saint Helena",2017,"Printing",2468,"0",NULL,"no email"
393,"Kerr PLC","Germany",1993,"Animation",7096,"0",NULL,"no email"
394,"David, Whitaker and Sweeney","Lao People's Democratic Republic",1972,"Law Enforcement",3123,"0",NULL,"no email"
395,"Levine, Buchanan and Lara","Romania",1971,"Shipbuilding",38,"0",NULL,"no email"
396,"Rocha, Henson and Gutierrez","Germany",1986,"Library",3842,"0",NULL,"no email"
397,"Crosby, Villa and Rich","United States Minor Outlying Islands",2004,"Renewables / Environment",3686,"0",NULL,"no email"
398,"Skinner PLC","Anguilla",2006,"Legal Services",485,"0",NULL,"no email"
399,"Bowen-Shaw","Cook Islands",1987,"Medical Equipment",1243,"0",NULL,"no email"
400,"Graves, Hogan and Bryan","Puerto Rico",1982,"Dairy",2856,"0",NULL,"no email"
401,"George-Ramirez","Mexico",2018,"International Trade / Development",522,"0",NULL,"no email"
402,"Schroeder-Powell","Uruguay",1998,"Facilities Services",8061,"0",NULL,"no email"
403,"Trevino, Lawson and Avila","Philippines",1992,"Package / Freight Delivery",4201,"0",NULL,"no email"
404,"Duarte-Boone","Sierra Leone",2010,"Gambling / Casinos",1363,"0",NULL,"no email"
405,"Jacobson Inc","Peru",2016,"Broadcast Media",451,"0",NULL,"no email"
406,"Sparks-Savage","Macao",1995,"Electrical / Electronic Manufacturing",9288,"0",NULL,"no email"
407,"Herring-Kline","Solomon Islands",2006,"Consumer Services",2983,"0",NULL,"no email"
408,"Garner-Hoover","Indonesia",1981,"Information Services",6405,"0",NULL,"no email"
409,"Schaefer Ltd","British Indian Ocean Territory (Chagos Archipelago)",1983,"Leisure / Travel",5199,"0",NULL,"no email"
410,"Peters, Booker and Ramirez","Korea",1976,"Newspapers / Journalism",4559,"0",NULL,"no email"
411,"Cantrell-Glover","Aruba",1970,"Facilities Services",313,"0",NULL,"no email"
412,"Trujillo-Copeland","Taiwan",2009,"Shipbuilding",2258,"0",NULL,"no email"
413,"Acosta LLC","Egypt",1987,"Maritime",2378,"0",NULL,"no email"
414,"Romero Ltd","Montserrat",2021,"Glass / Ceramics / Concrete",4366,"0",NULL,"no email"
415,"Esparza Inc","Isle of Man",1973,"Government Relations",9246,"0",NULL,"no email"
416,"Richard-Conway","Lao People's Democratic Republic",1988,"Fundraising",9510,"0",NULL,"no email"
417,"Santiago, Colon and Castaneda","Iraq",1972,"Other Industry",4864,"0",NULL,"no email"
418,"Holloway, Kaufman and Cross","United States Minor Outlying Islands",1976,"Arts / Crafts",9728,"0",NULL,"no email"
419,"Ward-Hull","Nigeria",1992,"Legislative Office",1820,"0",NULL,"no email"
420,"Gamble, Golden and Bauer","Yemen",2004,"Veterinary",123,"0",NULL,"no email"
421,"Small-Peters","Russian Federation",1970,"Computer Hardware",9212,"0",NULL,"no email"
422,"Zamora-Bryan","Seychelles",1997,"Food / Beverages",5592,"0",NULL,"no email"
423,"Fisher-Golden","Myanmar",2003,"Medical Practice",3274,"0",NULL,"no email"
424,"Ellis, Gutierrez and Bush","Papua New Guinea",2013,"Real Estate / Mortgage",4414,"0",NULL,"no email"
425,"Bray, Boyle and Morrison","Tunisia",1978,"Investment Banking / Venture",6353,"0",NULL,"no email"
426,"Osborn-Howard","Liberia",1999,"Newspapers / Journalism",1133,"0",NULL,"no email"
427,"Rollins, Hoffman and Bender","Niger",1992,"Library",5599,"0",NULL,"no email"
428,"Gallagher-Patel","Central African Republic",1984,"Computer / Network Security",9633,"0",NULL,"no email"
429,"Jarvis, Patrick and Farmer","Sri Lanka",1987,"Warehousing",7563,"0",NULL,"no email"
430,"Smith-Terrell","Cameroon",2003,"Mental Health Care",404,"0",NULL,"no email"
431,"Esparza, Lyons and Diaz","Botswana",1976,"Library",9231,"0",NULL,"no email"
432,"Nichols-Maynard","Martinique",1977,"Photography",779,"0",NULL,"no email"
433,"Mcintyre, Williams and Gray","Germany",2012,"Industrial Automation",6366,"0",NULL,"no email"
434,"Sexton Ltd","Tajikistan",1984,"Environmental Services",3590,"0",NULL,"no email"
435,"Wilson-Garrett","Denmark",1975,"Photography",3238,"0",NULL,"no email"
436,"Finley-Sloan","Bangladesh",2013,"Graphic Design / Web Design",5042,"0",NULL,"no email"
437,"Moon, Hendrix and Morton","Sao Tome and Principe",2009,"Fishery",2131,"0",NULL,"no email"
438,"Finley Ltd","Portugal",2000,"Recreational Facilities / Services",728,"0",NULL,"no email"
439,"Rojas-Castro","Saint Martin",1981,"Construction",8201,"0",NULL,"no email"
440,"Wang-Holloway","Germany",1992,"Computer Games",4447,"0",NULL,"no email"
441,"Collier-Howe","American Samoa",1972,"Education Management",1416,"0",NULL,"no email"
442,"Wilkins-Bright","Philippines",1979,"Restaurants",751,"0",NULL,"no email"
443,"Larson and Sons","Jersey",1970,"Real Estate / Mortgage",3786,"0",NULL,"no email"
444,"Davidson, Church and Sutton","Yemen",1984,"Maritime",9719,"0",NULL,"no email"
445,"Olsen, Oneal and Benton","Maldives",1983,"International Affairs",6078,"0",NULL,"no email"
446,"Lin-Weiss","Luxembourg",1976,"Cosmetics",2363,"0",NULL,"no email"
447,"Clements, Hahn and Stark","Cambodia",1975,"Hospitality",7663,"0",NULL,"no email"
448,"Huang-Ochoa","Guadeloupe",2008,"Apparel / Fashion",6839,"0",NULL,"no email"
449,"Garza-Obrien","Nepal",2014,"Machinery",1137,"0",NULL,"no email"
450,"Lin, Rasmussen and Graves","Bahrain",1997,"Business Supplies / Equipment",6903,"0",NULL,"no email"
451,"Huerta PLC","Gambia",1970,"Dairy",4337,"0",NULL,"no email"
452,"Lawson Ltd","Mauritius",1985,"Machinery",4988,"0",NULL,"no email"
453,"Bond, Snyder and Dixon","Saint Pierre and Miquelon",2018,"Individual / Family Services",9271,"0",NULL,"no email"
454,"Galvan, Clarke and Murray","Eritrea",2005,"Performing Arts",8788,"0",NULL,"no email"
455,"Jordan, Duffy and Guzman","Italy",1974,"Hospital / Health Care",5201,"0",NULL,"no email"
456,"Morrison-Ramos","Korea",1988,"Consumer Services",1587,"0",NULL,"no email"
457,"Good-Macias","Nigeria",2014,"Dairy",3744,"0",NULL,"no email"
458,"Wade, Walls and Maynard","Uruguay",1997,"Alternative Medicine",317,"0",NULL,"no email"
459,"Sexton-Meza","Tonga",2021,"Automotive",4820,"0",NULL,"no email"
460,"Singh-Bartlett","Slovenia",1988,"Wireless",866,"0",NULL,"no email"
461,"Roth and Sons","Angola",1994,"Computer Hardware",311,"0",NULL,"no email"
462,"Velazquez, Brewer and Mahoney","Haiti",2004,"Performing Arts",3884,"0",NULL,"no email"
463,"Tucker, Hartman and Mathews","Oman",1982,"Restaurants",9088,"0",NULL,"no email"
464,"Patrick LLC","United States of America",1997,"Facilities Services",7948,"0",NULL,"no email"
465,"Hubbard-Clements","Slovenia",2015,"Warehousing",1787,"0",NULL,"no email"
466,"Bradford, Joyce and Pennington","Niger",2010,"Law Practice / Law Firms",4823,"0",NULL,"no email"
467,"Marquez-Blankenship","American Samoa",1989,"Warehousing",8562,"0",NULL,"no email"
468,"Aguirre, Hicks and Garrison","Nepal",1990,"Library",4851,"0",NULL,"no email"
469,"Daniel, Mcintosh and Dickson","Netherlands",2002,"Library",1201,"0",NULL,"no email"
470,"Frost, Hebert and Rojas","Sao Tome and Principe",2008,"Plastics",2521,"0",NULL,"no email"
471,"Bradford and Sons","Suriname",2010,"Veterinary",622,"0",NULL,"no email"
472,"Boyd LLC","American Samoa",1975,"Luxury Goods / Jewelry",159,"0",NULL,"no email"
473,"Cooke-Mcgee","Germany",2014,"Music",3064,"0",NULL,"no email"
474,"Mcconnell-Schroeder","Ecuador",2009,"Primary / Secondary Education",4884,"0",NULL,"no email"
475,"Sampson-Copeland","Bouvet Island (Bouvetoya)",2015,"Marketing / Advertising / Sales",3811,"0",NULL,"no email"
476,"Livingston Ltd","Korea",1994,"Hospitality",5395,"0",NULL,"no email"
477,"Barnett, Ho and Shah","Belgium",1983,"Information Services",5971,"0",NULL,"no email"
478,"Wise-Valenzuela","Guadeloupe",1991,"Chemicals",3269,"0",NULL,"no email"
479,"Shields LLC","Saudi Arabia",2005,"Sports",1547,"0",NULL,"no email"
480,"Pennington, Hooper and Perkins","Saint Barthelemy",1984,"Dairy",8560,"0",NULL,"no email"
481,"Estrada-Leon","Cocos (Keeling) Islands",1984,"Events Services",4218,"0",NULL,"no email"
482,"Beard PLC","France",1974,"Facilities Services",2987,"0",NULL,"no email"
483,"Bates PLC","New Zealand",1984,"Religious Institutions",674,"0",NULL,"no email"
484,"Macdonald-Villegas","Nicaragua",2010,"Animation",8501,"0",NULL,"no email"
485,"Mata, Benjamin and Sanchez","Western Sahara",1986,"Business Supplies / Equipment",2814,"0",NULL,"no email"
486,"Rice, Norton and Stein","Cook Islands",2007,"Transportation",6307,"0",NULL,"no email"
487,"Mahoney-Lowe","Wallis and Futuna",2006,"Logistics / Procurement",5763,"0",NULL,"no email"
488,"Simmons Group","Sweden",1985,"Entertainment / Movie Production",3416,"0",NULL,"no email"
489,"Holt, Morris and Delgado","Argentina",1999,"Translation / Localization",7672,"0",NULL,"no email"
490,"Yates, Best and Zuniga","Trinidad and Tobago",2001,"Food Production",1009,"0",NULL,"no email"
491,"Byrd LLC","Palau",1981,"Mental Health Care",6537,"0",NULL,"no email"
492,"Barber LLC","Antarctica (the territory South of 60 deg S)",1998,"Insurance",1021,"0",NULL,"no email"
493,"Potter-Solis","Kenya",1993,"Entertainment / Movie Production",4209,"0",NULL,"no email"
494,"Ramos-Kemp","Montserrat",1979,"Ranching",699,"0",NULL,"no email"
495,"Cisneros-Parks","Pakistan",1992,"Printing",7884,"0",NULL,"no email"
496,"Jenkins Inc","Zimbabwe",2019,"Renewables / Environment",1864,"0",NULL,"no email"
497,"Cummings, Woodard and Wiley","Western Sahara",2006,"Wine / Spirits",7436,"0",NULL,"no email"
498,"Holloway-Ali","Russian Federation",2001,"Library",648,"0",NULL,"no email"
499,"Mclaughlin LLC","Estonia",1975,"Ranching",5650,"0",NULL,"no email"
500,"Macias-Chung","Palau",1985,"Motion Pictures / Film",8958,"0",NULL,"no email"
501,"Ramos Ltd","Gambia",2018,"Computer / Network Security",9088,"0",NULL,"no email"
502,"Weaver-Barnett","Belarus",1991,"Business Supplies / Equipment",8600,"0",NULL,"no email"
503,"Macdonald PLC","Rwanda",1971,"Gambling / Casinos",9950,"0",NULL,"no email"
504,"Coffey-Hooper","Eritrea",2007,"Pharmaceuticals",2660,"0",NULL,"no email"
505,"Ayers-Hernandez","India",1992,"Higher Education / Acadamia",5982,"0",NULL,"no email"
506,"Cline-Heath","Chad",2020,"Computer Networking",6977,"0",NULL,"no email"
507,"Rivera, Russo and Romero","Nicaragua",1993,"Package / Freight Delivery",8848,"0",NULL,"no email"
508,"Hardy, Ellis and Hopkins","Moldova",2009,"Library",4990,"0",NULL,"no email"
509,"Gray and Sons","China",1980,"Packaging / Containers",8303,"0",NULL,"no email"
510,"Hogan-Rodgers","Marshall Islands",1970,"Glass / Ceramics / Concrete",5029,"0",NULL,"no email"
511,"Baxter-Morgan","Saudi Arabia",2005,"Paper / Forest Products",545,"0",NULL,"no email"
512,"Frederick-Singh","Chile",1971,"Fine Art",5687,"0",NULL,"no email"
513,"Harvey, Pennington and Richard","Hungary",2016,"Computer Hardware",3894,"0",NULL,"no email"
514,"Arroyo, Garcia and Patterson","Denmark",2020,"Wireless",9235,"0",NULL,"no email"
515,"Lynch Ltd","Northern Mariana Islands",1983,"Outsourcing / Offshoring",2369,"0",NULL,"no email"
516,"Rios-Walsh","Thailand",1973,"Renewables / Environment",3747,"0",NULL,"no email"
517,"Sanford Inc","Sao Tome and Principe",1997,"Professional Training",5994,"0",NULL,"no email"
518,"Vasquez-Ochoa","Cuba",1983,"Packaging / Containers",4878,"0",NULL,"no email"
519,"Bean, Hudson and Velasquez","Saint Barthelemy",2001,"Writing / Editing",7395,"0",NULL,"no email"
520,"Drake PLC","Mali",2009,"Warehousing",4793,"0",NULL,"no email"
521,"Weeks-Joseph","United Kingdom",1970,"Mining / Metals",4528,"0",NULL,"no email"
522,"Villegas-Liu","Malaysia",1991,"Mental Health Care",9517,"0",NULL,"no email"
523,"Daniels, Whitney and Valenzuela","Russian Federation",1988,"Human Resources / HR",6869,"0",NULL,"no email"
524,"Lucero-Trevino","Iran",2018,"Think Tanks",6403,"0",NULL,"no email"
525,"Barnett-Randolph","Algeria",1998,"Automotive",7518,"0",NULL,"no email"
526,"Diaz, Mercer and Yoder","Dominican Republic",2013,"Medical Practice",4077,"0",NULL,"no email"
527,"Mcmahon and Sons","British Virgin Islands",1997,"Medical Practice",6029,"0",NULL,"no email"
528,"Wiley and Sons","Antigua and Barbuda",1994,"Transportation",6177,"0",NULL,"no email"
529,"Salazar-Hanson","Andorra",1988,"Biotechnology / Greentech",92,"0",NULL,"no email"
530,"Tanner-Webster","Chad",2006,"Pharmaceuticals",4176,"0",NULL,"no email"
531,"Parker, Cherry and Jimenez","Sierra Leone",2016,"Oil / Energy / Solar / Greentech",4261,"0",NULL,"no email"
532,"Briggs PLC","Swaziland",1991,"Wine / Spirits",5245,"0",NULL,"no email"
533,"Stephenson, Ashley and Chung","Suriname",1974,"Glass / Ceramics / Concrete",9716,"0",NULL,"no email"
534,"Salazar Ltd","Cuba",1999,"Information Services",2730,"0",NULL,"no email"
535,"Decker, Wang and Barajas","French Southern Territories",1981,"Commercial Real Estate",871,"0",NULL,"no email"
536,"Meza-Schneider","Monaco",2015,"Religious Institutions",4631,"0",NULL,"no email"
537,"Guzman LLC","Chad",1973,"Banking / Mortgage",2251,"0",NULL,"no email"
538,"Rollins-Meyer","Egypt",1996,"Biotechnology / Greentech",7454,"0",NULL,"no email"
539,"Copeland-Hobbs","Portugal",1991,"Computer / Network Security",2174,"0",NULL,"no email"
540,"Mcconnell-Sheppard","Cape Verde",1995,"Primary / Secondary Education",9808,"0",NULL,"no email"
541,"Zhang, Sosa and Ayala","Palestinian Territory",1987,"Military Industry",859,"0",NULL,"no email"
542,"Morris Ltd","Tonga",2000,"Outsourcing / Offshoring",1351,"0",NULL,"no email"
543,"Pierce, Gallegos and Knox","France",2016,"Fine Art",6016,"0",NULL,"no email"
544,"Daniels and Sons","Saint Vincent and the Grenadines",2014,"Defense / Space",4354,"0",NULL,"no email"
545,"Hickman, Valentine and Krause","Northern Mariana Islands",1992,"Furniture",56,"0",NULL,"no email"
546,"Horton LLC","Puerto Rico",1984,"Financial Services",9917,"0",NULL,"no email"
547,"Shah, Robbins and Nielsen","Grenada",2011,"Airlines / Aviation",4522,"0",NULL,"no email"
548,"Armstrong-Griffith","Kyrgyz Republic",2020,"Plastics",8509,"0",NULL,"no email"
549,"Gutierrez, Vasquez and Austin","Ecuador",2009,"Furniture",5052,"0",NULL,"no email"
550,"Sheppard, Gould and Boyd","Malawi",1971,"Legal Services",6877,"0",NULL,"no email"
551,"Harrison, Banks and Bradford","Liechtenstein",1976,"Events Services",2991,"0",NULL,"no email"
552,"Dunlap-Fritz","Indonesia",1990,"Textiles",8677,"0",NULL,"no email"
553,"George Ltd","Niger",2015,"Real Estate / Mortgage",7296,"0",NULL,"no email"
554,"Castaneda, Floyd and Mcdaniel","Nigeria",2011,"Airlines / Aviation",6844,"0",NULL,"no email"
555,"Roberson, Fuller and Oneill","United Kingdom",1988,"Government Administration",1501,"0",NULL,"no email"
556,"Stein, Gomez and Garrison","Saudi Arabia",1975,"Food / Beverages",8793,"0",NULL,"no email"
557,"Riddle-Griffith","Angola",1972,"Fishery",1213,"0",NULL,"no email"
558,"Snyder Group","Estonia",1998,"Commercial Real Estate",1363,"0",NULL,"no email"
559,"English Ltd","Marshall Islands",1970,"Recreational Facilities / Services",1820,"0",NULL,"no email"
560,"Ponce-Charles","Western Sahara",1987,"Government Relations",3598,"0",NULL,"no email"
561,"Solis-Cortez","Guinea-Bissau",1996,"Facilities Services",9069,"0",NULL,"no email"
562,"Dodson-Lam","Cyprus",1984,"Judiciary",9440,"0",NULL,"no email"
563,"Joyce, Chambers and Monroe","Congo",2004,"Animation",9684,"0",NULL,"no email"
564,"Kidd PLC","Sweden",1998,"Publishing Industry",434,"0",NULL,"no email"
565,"Brock Inc","Martinique",1973,"Fishery",8840,"0",NULL,"no email"
566,"Jarvis LLC","Tunisia",1992,"Renewables / Environment",9151,"0",NULL,"no email"
567,"Garrison and Sons","Puerto Rico",1998,"Package / Freight Delivery",8166,"0",NULL,"no email"
568,"Bird, Ferrell and Hughes","Bulgaria",2005,"Cosmetics",6336,"0",NULL,"no email"
569,"Barrett Inc","Greece",2015,"Furniture",2624,"0",NULL,"no email"
570,"Manning, Mcpherson and Robertson","France",1979,"Plastics",8644,"0",NULL,"no email"
571,"Dunn, Dillon and Blair","Belgium",2015,"Printing",5962,"0",NULL,"no email"
572,"Bright-Summers","Benin",2004,"Writing / Editing",5406,"0",NULL,"no email"
573,"Bradshaw-Navarro","Latvia",2003,"Management Consulting",3113,"0",NULL,"no email"
574,"Frost, Orr and Odonnell","Sierra Leone",1998,"Farming",1951,"0",NULL,"no email"
575,"Chase-Chandler","Namibia",1991,"Construction",117,"0",NULL,"no email"
576,"Pineda-Vaughan","United States of America",1981,"Sporting Goods",8635,"0",NULL,"no email"
577,"Gross-Holloway","Hong Kong",2020,"Plastics",8389,"0",NULL,"no email"
578,"Mueller Group","Albania",1972,"Graphic Design / Web Design",956,"0",NULL,"no email"
579,"Torres-Preston","Sweden",1991,"Warehousing",9540,"0",NULL,"no email"
580,"Horne, Hartman and Flowers","Lebanon",1970,"Internet",1312,"0",NULL,"no email"
581,"Franco-Valdez","Spain",2014,"Entertainment / Movie Production",5674,"0",NULL,"no email"
582,"Cantrell, Cervantes and Foster","Tanzania",2007,"Furniture",1915,"0",NULL,"no email"
583,"Estes, Poole and Henderson","Italy",1981,"Consumer Goods",5842,"0",NULL,"no email"
584,"Mccullough-Zavala","Kiribati",1993,"Plastics",8897,"0",NULL,"no email"
585,"Hess-Shelton","British Indian Ocean Territory (Chagos Archipelago)",2014,"Consumer Electronics",7188,"0",NULL,"no email"
586,"Ware LLC","Cuba",1998,"Real Estate / Mortgage",9941,"0",NULL,"no email"
587,"Hopkins-Shelton","Mayotte",2009,"Investment Banking / Venture",4109,"0",NULL,"no email"
588,"Mcknight Group","Guam",1980,"Performing Arts",2616,"0",NULL,"no email"
589,"Jackson-Mueller","Suriname",1982,"Financial Services",6715,"0",NULL,"no email"
590,"Skinner Inc","Germany",1982,"Mining / Metals",4738,"0",NULL,"no email"
591,"Humphrey PLC","Saint Lucia",2009,"Computer / Network Security",6285,"0",NULL,"no email"
592,"Bolton, Diaz and Kent","Bolivia",1999,"Information Services",1053,"0",NULL,"no email"
593,"Mason, Young and Evans","Poland",1980,"International Trade / Development",2586,"0",NULL,"no email"
594,"Harrell, Wagner and Snyder","Hungary",2018,"Education Management",7679,"0",NULL,"no email"
595,"Townsend-Welch","Solomon Islands",2018,"Religious Institutions",5547,"0",NULL,"no email"
596,"Case, Avery and Zuniga","Monaco",1991,"Entertainment / Movie Production",7671,"0",NULL,"no email"
597,"Mayo-Lane","United States Virgin Islands",1979,"Publishing Industry",361,"0",NULL,"no email"
598,"Cardenas-Huffman","Saint Lucia",1982,"Luxury Goods / Jewelry",6041,"0",NULL,"no email"
599,"Wallace-Hines","Hungary",2015,"Utilities",5573,"0",NULL,"no email"
600,"Roach-Oneal","Montenegro",2008,"Apparel / Fashion",2854,"0",NULL,"no email"
601,"Parrish-Avila","Rwanda",1996,"Railroad Manufacture",4626,"0",NULL,"no email"
602,"Mckee Inc","Tanzania",1981,"Package / Freight Delivery",7878,"0",NULL,"no email"
603,"Hahn, Cobb and Cline","Pitcairn Islands",2014,"Judiciary",6646,"0",NULL,"no email"
604,"Haas, Oliver and Osborn","Mauritius",1987,"Import / Export",6789,"0",NULL,"no email"
605,"Gaines, Gomez and Madden","Israel",2008,"Oil / Energy / Solar / Greentech",1132,"0",NULL,"no email"
606,"Blair LLC","Libyan Arab Jamahiriya",2006,"Market Research",989,"0",NULL,"no email"
607,"Gordon and Sons","Bulgaria",1970,"Cosmetics",4815,"0",NULL,"no email"
608,"Cohen, Saunders and Curtis","Albania",1972,"Other Industry",1999,"0",NULL,"no email"
609,"Castro-Hill","Korea",1992,"Alternative Medicine",4155,"0",NULL,"no email"
610,"Roman Ltd","Mauritius",2019,"Transportation",1888,"0",NULL,"no email"
611,"Donovan-Christian","Denmark",1972,"Broadcast Media",4544,"0",NULL,"no email"
612,"Jacobson-Wang","Gibraltar",1972,"Alternative Medicine",68,"0",NULL,"no email"
613,"Garcia Group","Congo",1983,"Real Estate / Mortgage",818,"0",NULL,"no email"
614,"Everett-Duke","Romania",1999,"Package / Freight Delivery",9578,"0",NULL,"no email"
615,"Matthews, Gilbert and Richardson","United Kingdom",1981,"Graphic Design / Web Design",2273,"0",NULL,"no email"
616,"Pena Inc","Poland",1990,"International Affairs",2178,"0",NULL,"no email"
617,"Simon-Cabrera","Papua New Guinea",2008,"Design",5425,"0",NULL,"no email"
618,"Duran, Conrad and Potts","Sri Lanka",2009,"Import / Export",8838,"0",NULL,"no email"
619,"Bartlett and Sons","Macao",2020,"Aviation / Aerospace",7529,"0",NULL,"no email"
620,"Soto-Perry","Antigua and Barbuda",1992,"Professional Training",7286,"0",NULL,"no email"
621,"Espinoza, Beasley and Jefferson","Togo",2013,"Computer / Network Security",5315,"0",NULL,"no email"
622,"Duncan Inc","Lithuania",2020,"Photography",131,"0",NULL,"no email"
623,"Harris-Clarke","Botswana",2016,"Publishing Industry",6150,"0",NULL,"no email"
624,"Wiley-Mcdaniel","Korea",1993,"Furniture",7175,"0",NULL,"no email"
625,"Powell Group","Kenya",2013,"Chemicals",5802,"0",NULL,"no email"
626,"Chase Inc","Saint Martin",2016,"Financial Services",505,"0",NULL,"no email"
627,"Livingston LLC","Gibraltar",1973,"Machinery",4606,"0",NULL,"no email"
628,"King-Howard","Barbados",1977,"Education Management",321,"0",NULL,"no email"
629,"Park, Gross and Kirk","San Marino",1973,"Aviation / Aerospace",1561,"0",NULL,"no email"
630,"Porter, Schaefer and Fields","Kazakhstan",2005,"Graphic Design / Web Design",6742,"0",NULL,"no email"
631,"Meadows-Macias","Costa Rica",2006,"Transportation",904,"0",NULL,"no email"
632,"Petty Group","Bouvet Island (Bouvetoya)",1985,"Marketing / Advertising / Sales",8830,"0",NULL,"no email"
633,"Griffith-Reyes","Tokelau",1984,"E - Learning",1020,"0",NULL,"no email"
634,"Mcclain, Tucker and Mills","Guyana",2020,"Museums / Institutions",7429,"0",NULL,"no email"
635,"Hardin-Mcdowell","Sri Lanka",1994,"Motion Pictures / Film",386,"0",NULL,"no email"
636,"Brennan LLC","Ghana",1996,"Performing Arts",2037,"0",NULL,"no email"
637,"Liu Inc","Holy See (Vatican City State)",1986,"Automotive",1905,"0",NULL,"no email"
638,"Archer Ltd","Faroe Islands",1988,"Electrical / Electronic Manufacturing",4319,"0",NULL,"no email"
639,"Christian-Lynch","Nicaragua",1989,"Wholesale",2252,"0",NULL,"no email"
640,"Roth Inc","New Zealand",1997,"Telecommunications",4427,"0",NULL,"no email"
641,"Webb, Curtis and Massey","Micronesia",1999,"Recreational Facilities / Services",5722,"0",NULL,"no email"
642,"Coffey, Ali and Glover","Niger",2002,"Legal Services",3362,"0",NULL,"no email"
643,"Vaughn LLC","Botswana",1999,"Food / Beverages",9751,"0",NULL,"no email"
644,"Leon, Kaufman and Richmond","American Samoa",1983,"Printing",3321,"0",NULL,"no email"
645,"Byrd, Pace and Robles","Belgium",1974,"Research Industry",3081,"0",NULL,"no email"
646,"Gregory LLC","United States of America",1979,"Textiles",1682,"0",NULL,"no email"
647,"Novak-Gates","Svalbard & Jan Mayen Islands",1980,"Translation / Localization",36,"0",NULL,"no email"
648,"Beck-Vaughan","Cook Islands",2020,"Publishing Industry",5082,"0",NULL,"no email"
649,"Wilkerson, Luna and Brewer","Cyprus",2009,"Railroad Manufacture",3822,"0",NULL,"no email"
650,"Murphy-Esparza","Bolivia",2012,"Venture Capital / VC",6030,"0",NULL,"no email"
651,"Miles Inc","Angola",1999,"Dairy",3250,"0",NULL,"no email"
652,"Griffin-Mahoney","United States Virgin Islands",1991,"Mining / Metals",7637,"0",NULL,"no email"
653,"Parker, Garza and Mcintosh","American Samoa",1972,"Glass / Ceramics / Concrete",7720,"0",NULL,"no email"
654,"Mclean-Boyle","Niger",2017,"Recreational Facilities / Services",8935,"0",NULL,"no email"
655,"Bradley PLC","Eritrea",2004,"Packaging / Containers",9343,"0",NULL,"no email"
656,"Lowe-Harper","Western Sahara",1975,"Aviation / Aerospace",4331,"0",NULL,"no email"
657,"Riley-Hodge","Egypt",2000,"Translation / Localization",9307,"0",NULL,"no email"
658,"Anderson, Swanson and Cummings","Lithuania",2002,"Wholesale",6596,"0",NULL,"no email"
659,"Anderson, Snyder and Finley","Thailand",2016,"Sporting Goods",8193,"0",NULL,"no email"
660,"Ross and Sons","Peru",1992,"Medical Equipment",5685,"0",NULL,"no email"
661,"Neal, Maxwell and Moore","Haiti",2006,"Business Supplies / Equipment",8738,"0",NULL,"no email"
662,"Yates, Massey and Ortiz","Christmas Island",1995,"Computer Hardware",6330,"0",NULL,"no email"
663,"Sparks and Sons","Moldova",1983,"Staffing / Recruiting",6733,"0",NULL,"no email"
664,"Curry, Villa and Bauer","Wallis and Futuna",1970,"Motion Pictures / Film",6953,"0",NULL,"no email"
665,"Mcconnell-Ballard","Somalia",1984,"Ranching",6843,"0",NULL,"no email"
666,"Rowe-Horton","Argentina",2007,"Renewables / Environment",5422,"0",NULL,"no email"
667,"Harmon-Arellano","Slovenia",1993,"Sports",5411,"0",NULL,"no email"
668,"Lawrence-Vaughan","Slovenia",1998,"Ranching",2999,"0",NULL,"no email"
669,"Parsons, Bradshaw and Waller","French Southern Territories",2021,"Philanthropy",275,"0",NULL,"no email"
670,"Phillips, Gomez and Rocha","Bangladesh",1981,"Telecommunications",5299,"0",NULL,"no email"
671,"Ochoa, Hodges and Jacobson","India",2003,"Alternative Dispute Resolution",8891,"0",NULL,"no email"
672,"Pham, Owens and Frost","Yemen",2007,"Automotive",9158,"0",NULL,"no email"
673,"Young Inc","Ukraine",2007,"Maritime",5033,"0",NULL,"no email"
674,"Caldwell-Burns","Sierra Leone",1988,"Government Relations",3651,"0",NULL,"no email"
675,"Hampton-Sheppard","Montserrat",2017,"Leisure / Travel",4005,"0",NULL,"no email"
676,"Norman, Christian and Johnston","Kyrgyz Republic",2000,"Graphic Design / Web Design",2685,"0",NULL,"no email"
677,"Hobbs Group","Brunei Darussalam",1999,"Logistics / Procurement",1145,"0",NULL,"no email"
678,"Hanson, Newman and Bradley","Algeria",2021,"Individual / Family Services",2135,"0",NULL,"no email"
679,"Winters-Mayo","Morocco",1971,"Computer Networking",6429,"0",NULL,"no email"
680,"Morrison-Cooley","Qatar",2018,"Maritime",6425,"0",NULL,"no email"
681,"Daugherty LLC","Taiwan",2012,"Wholesale",1344,"0",NULL,"no email"
682,"Dean LLC","Mauritania",2019,"Library",5297,"0",NULL,"no email"
683,"Herrera Ltd","Colombia",1987,"Military Industry",4066,"0",NULL,"no email"
684,"Hartman Ltd","Nigeria",1996,"Supermarkets",404,"0",NULL,"no email"
685,"Robles-Kane","Taiwan",2009,"Mental Health Care",5835,"0",NULL,"no email"
686,"Williamson, Howe and Mckenzie","Wallis and Futuna",2007,"Ranching",9419,"0",NULL,"no email"
687,"Carlson, Vargas and Carroll","Georgia",2018,"Ranching",9503,"0",NULL,"no email"
688,"Hardy Ltd","Saint Vincent and the Grenadines",2009,"Executive Office",7638,"0",NULL,"no email"
689,"Mcdaniel Inc","Sao Tome and Principe",1989,"Primary / Secondary Education",4900,"0",NULL,"no email"
690,"Ortiz, Robbins and Burch","Namibia",1991,"Transportation",9661,"0",NULL,"no email"
691,"Preston Inc","Northern Mariana Islands",2015,"Mental Health Care",7936,"0",NULL,"no email"
692,"Hunt LLC","Congo",1972,"Religious Institutions",6176,"0",NULL,"no email"
693,"Turner-Brennan","Guyana",1972,"Packaging / Containers",1852,"0",NULL,"no email"
694,"Walker-Marshall","Niue",2017,"Business Supplies / Equipment",8537,"0",NULL,"no email"
695,"Bolton-Odom","Botswana",1979,"Utilities",7241,"0",NULL,"no email"
696,"Jackson Group","Austria",1984,"E - Learning",8940,"0",NULL,"no email"
697,"Key Inc","United States Virgin Islands",1974,"Alternative Dispute Resolution",3195,"0",NULL,"no email"
698,"Warner LLC","Malawi",1987,"Glass / Ceramics / Concrete",2567,"0",NULL,"no email"
699,"Evans-Hardin","Luxembourg",2002,"Investment Management / Hedge Fund / Private Equity",5866,"0",NULL,"no email"
700,"Meza-Carroll","Azerbaijan",1975,"Packaging / Containers",8073,"0",NULL,"no email"
701,"Ferguson, Frost and Estrada","Sierra Leone",2001,"Dairy",7383,"0",NULL,"no email"
702,"Villa, Levy and Mays","Barbados",1976,"Packaging / Containers",4619,"0",NULL,"no email"
703,"Chan-Coffey","Suriname",1986,"Civic / Social Organization",1818,"0",NULL,"no email"
704,"Hopkins, Shea and Bishop","Bouvet Island (Bouvetoya)",2014,"Venture Capital / VC",1878,"0",NULL,"no email"
705,"Blackwell-Carson","Japan",1974,"Oil / Energy / Solar / Greentech",3389,"0",NULL,"no email"
706,"Huerta, Macdonald and Olson","Heard Island and McDonald Islands",2001,"Primary / Secondary Education",6932,"0",NULL,"no email"
707,"Harmon-Dillon","Niger",1975,"Military Industry",9188,"0",NULL,"no email"
708,"Bradshaw-Orozco","Burundi",1973,"Information Technology / IT",3619,"0",NULL,"no email"
709,"Clay-Bentley","Madagascar",1999,"Venture Capital / VC",734,"0",NULL,"no email"
710,"Ayala-Bradshaw","Central African Republic",2000,"Library",5977,"0",NULL,"no email"
711,"Stevens, Nguyen and Williams","Turkey",1996,"Telecommunications",2567,"0",NULL,"no email"
712,"Hebert, Willis and Bates","Namibia",1993,"Mining / Metals",8012,"0",NULL,"no email"
713,"Lowery, Campbell and Cardenas","Sri Lanka",1999,"Library",4494,"0",NULL,"no email"
714,"Pruitt-Levy","Zambia",1998,"Wholesale",5827,"0",NULL,"no email"
715,"Neal-Nicholson","Central African Republic",2006,"Wine / Spirits",5523,"0",NULL,"no email"
716,"Lopez-Taylor","Bahrain",1973,"Import / Export",4813,"0",NULL,"no email"
717,"Nelson PLC","Zimbabwe",2000,"Maritime",511,"0",NULL,"no email"
718,"Koch, Stephenson and Wilcox","Portugal",2016,"Biotechnology / Greentech",3930,"0",NULL,"no email"
719,"Kim, Santana and Coleman","Libyan Arab Jamahiriya",2007,"Arts / Crafts",3192,"0",NULL,"no email"
720,"Middleton PLC","Benin",1994,"Medical Practice",6412,"0",NULL,"no email"
721,"Tanner-Hanna","Indonesia",2020,"Alternative Dispute Resolution",5429,"0",NULL,"no email"
722,"Simmons-Farmer","Togo",2007,"Higher Education / Acadamia",8162,"0",NULL,"no email"
723,"Salas-Zamora","Mali",2019,"Facilities Services",8973,"0",NULL,"no email"
724,"Finley, Gibson and Stanton","Solomon Islands",2015,"Music",4490,"0",NULL,"no email"
725,"House, Luna and Obrien","Saint Helena",1971,"Tobacco",7071,"0",NULL,"no email"
726,"Henderson, Garrison and Melendez","Cocos (Keeling) Islands",2014,"Publishing Industry",9686,"0",NULL,"no email"
727,"Oconnell-Leonard","Malta",1998,"Program Development",6499,"0",NULL,"no email"
728,"Brady and Sons","Mauritius",2016,"Shipbuilding",5711,"0",NULL,"no email"
729,"Huber, Ferrell and Eaton","New Caledonia",2004,"Events Services",4978,"0",NULL,"no email"
730,"Jensen Group","Peru",2013,"Consumer Services",569,"0",NULL,"no email"
731,"Blevins, Compton and Peck","Korea",1996,"Public Relations / PR",9178,"0",NULL,"no email"
732,"Mann-Hobbs","Sri Lanka",1995,"Packaging / Containers",7171,"0",NULL,"no email"
733,"Shaw, Yang and Morton","Cuba",1985,"Gambling / Casinos",8841,"0",NULL,"no email"
734,"Hale-Hurley","New Caledonia",1998,"Fundraising",1151,"0",NULL,"no email"
735,"Davis-Mclean","Ethiopia",1995,"Security / Investigations",3427,"0",NULL,"no email"
736,"Pena, Davies and Perry","Uruguay",2018,"Mechanical or Industrial Engineering",5067,"0",NULL,"no email"
737,"Glover-Castaneda","Aruba",1990,"Research Industry",6515,"0",NULL,"no email"
738,"Conner-Murphy","Nicaragua",2021,"Shipbuilding",3921,"0",NULL,"no email"
739,"Graves LLC","Cambodia",2013,"Plastics",7150,"0",NULL,"no email"
740,"Guerra, Drake and Rangel","Cambodia",2005,"Warehousing",305,"0",NULL,"no email"
741,"Ford PLC","Lithuania",1989,"Think Tanks",3691,"0",NULL,"no email"
742,"Giles, Ingram and Figueroa","Kyrgyz Republic",1976,"Railroad Manufacture",9719,"0",NULL,"no email"
743,"Simpson, Macdonald and Key","Jordan",1998,"Import / Export",3289,"0",NULL,"no email"
744,"Martinez-Boone","Ecuador",2004,"International Affairs",6346,"0",NULL,"no email"
745,"Wilkins LLC","Bouvet Island (Bouvetoya)",1990,"Sporting Goods",7349,"0",NULL,"no email"
746,"Brooks-Riggs","Tunisia",1982,"Maritime",1912,"0",NULL,"no email"
747,"Fields-Townsend","Ethiopia",1994,"Food Production",4635,"0",NULL,"no email"
748,"Howard-Patton","Slovenia",1994,"Legislative Office",1808,"0",NULL,"no email"
749,"Park-Gomez","Georgia",1998,"Luxury Goods / Jewelry",8228,"0",NULL,"no email"
750,"Huerta-Stephens","Central African Republic",1994,"Industrial Automation",2090,"0",NULL,"no email"
751,"Holmes Ltd","Taiwan",1989,"Telecommunications",7901,"0",NULL,"no email"
752,"Vazquez, Mendez and Morris","United Arab Emirates",1981,"Fundraising",6978,"0",NULL,"no email"
753,"Choi-Briggs","Saint Kitts and Nevis",2010,"Computer Software / Engineering",1377,"0",NULL,"no email"
754,"Page-Mcmahon","Burkina Faso",1995,"Warehousing",3958,"0",NULL,"no email"
755,"Mcdonald, Williamson and Reese","Maldives",1972,"Other Industry",9501,"0",NULL,"no email"
756,"Adkins, Sloan and Burton","Montenegro",1999,"Computer / Network Security",2431,"0",NULL,"no email"
757,"Boyle-Beard","Cyprus",1985,"Political Organization",9283,"0",NULL,"no email"
758,"Flynn, Taylor and Herman","Guyana",1981,"Luxury Goods / Jewelry",5050,"0",NULL,"no email"
759,"Hurst, Camacho and Gill","China",1981,"Venture Capital / VC",802,"0",NULL,"no email"
760,"Richards-Zimmerman","Fiji",2018,"Public Safety",8249,"0",NULL,"no email"
761,"Prince Ltd","Switzerland",1971,"Hospitality",8500,"0",NULL,"no email"
762,"Beltran Group","Grenada",1997,"Program Development",7613,"0",NULL,"no email"
763,"Camacho Ltd","Isle of Man",1982,"Chemicals",8710,"0",NULL,"no email"
764,"Wall-Mcconnell","Central African Republic",2006,"Building Materials",4491,"0",NULL,"no email"
765,"Vazquez LLC","Faroe Islands",1979,"Oil / Energy / Solar / Greentech",3136,"0",NULL,"no email"
766,"Powers-Francis","Guatemala",1988,"Marketing / Advertising / Sales",8184,"0",NULL,"no email"
767,"Mullins, Bird and Kirk","United Kingdom",1993,"Oil / Energy / Solar / Greentech",4804,"0",NULL,"no email"
768,"Romero, Austin and Gentry","Brunei Darussalam",1990,"Railroad Manufacture",8213,"0",NULL,"no email"
769,"Santos-Howard","Montenegro",2003,"Machinery",4475,"0",NULL,"no email"
770,"Beck, James and Soto","Portugal",1992,"Fishery",8712,"0",NULL,"no email"
771,"King-Weaver","Sri Lanka",2019,"Alternative Dispute Resolution",1888,"0",NULL,"no email"
772,"Gray, Khan and Poole","Saint Kitts and Nevis",2007,"Financial Services",2913,"0",NULL,"no email"
773,"Ochoa-Mason","Antarctica (the territory South of 60 deg S)",2011,"Biotechnology / Greentech",7205,"0",NULL,"no email"
774,"Medina-Wells","Andorra",1986,"Online Publishing",8575,"0",NULL,"no email"
775,"Hood Ltd","Norway",2009,"Plastics",7370,"0",NULL,"no email"
776,"Briggs-Delacruz","Georgia",2006,"Glass / Ceramics / Concrete",3098,"0",NULL,"no email"
777,"Mitchell-Ponce","Trinidad and Tobago",2005,"Media Production",4260,"0",NULL,"no email"
778,"Guzman PLC","Antarctica (the territory South of 60 deg S)",1987,"Judiciary",481,"0",NULL,"no email"
779,"Rosales Inc","Lebanon",1986,"Staffing / Recruiting",4470,"0",NULL,"no email"
780,"Ibarra-Klein","United States Minor Outlying Islands",1985,"Oil / Energy / Solar / Greentech",8107,"0",NULL,"no email"
781,"Bentley, Blake and Mclean","Libyan Arab Jamahiriya",1971,"Chemicals",3254,"0",NULL,"no email"
782,"Richmond-Conley","Bolivia",1997,"Political Organization",6412,"0",NULL,"no email"
783,"Wilkinson, Pope and Roach","Jamaica",2009,"Fine Art",5959,"0",NULL,"no email"
784,"Macias-Patton","Brazil",1990,"Wholesale",6403,"0",NULL,"no email"
785,"Oliver, Flores and Pena","Austria",1994,"Medical Equipment",2587,"0",NULL,"no email"
786,"Malone and Sons","Fiji",2013,"Program Development",4587,"0",NULL,"no email"
787,"Mcknight-Brewer","South Georgia and the South Sandwich Islands",2012,"Health / Fitness",604,"0",NULL,"no email"
788,"Tapia, Bush and Brandt","Liberia",1976,"Banking / Mortgage",3378,"0",NULL,"no email"
789,"Wood, Stark and Jacobson","Congo",2006,"Telecommunications",8056,"0",NULL,"no email"
790,"Cole, Wu and Cameron","Yemen",1992,"Environmental Services",2491,"0",NULL,"no email"
791,"Carney-Heath","Macao",2019,"Publishing Industry",5563,"0",NULL,"no email"
792,"Joseph-Stein","French Southern Territories",1990,"Defense / Space",7825,"0",NULL,"no email"
793,"Kent-Nolan","Indonesia",2007,"Oil / Energy / Solar / Greentech",7161,"0",NULL,"no email"
794,"Reed Group","Angola",1976,"International Affairs",4531,"0",NULL,"no email"
795,"Willis, Davenport and Mueller","Philippines",2002,"Chemicals",2443,"0",NULL,"no email"
796,"Meza, Morales and Booker","Slovenia",2014,"Mining / Metals",6662,"0",NULL,"no email"
797,"Valentine and Sons","Swaziland",1986,"Legislative Office",2835,"0",NULL,"no email"
798,"Dennis-Bridges","Antarctica (the territory South of 60 deg S)",1991,"Translation / Localization",648,"0",NULL,"no email"
799,"Atkinson, Good and Burns","Western Sahara",2005,"Shipbuilding",1066,"0",NULL,"no email"
800,"Price and Sons","Iceland",1989,"Consumer Services",599,"0",NULL,"no email"
801,"Berry and Sons","Svalbard & Jan Mayen Islands",1975,"Government Administration",4045,"0",NULL,"no email"
802,"Mercado, Butler and Walsh","Peru",1998,"Hospital / Health Care",8177,"0",NULL,"no email"
803,"Mckee, Lewis and Hays","French Guiana",2010,"Airlines / Aviation",3583,"0",NULL,"no email"
804,"Avery, Owens and Suarez","Mongolia",2006,"Commercial Real Estate",3366,"0",NULL,"no email"
805,"Golden-Riddle","Lebanon",1982,"Investment Banking / Venture",4864,"0",NULL,"no email"
806,"Gallegos, Barrera and Camacho","Uruguay",1991,"Capital Markets / Hedge Fund / Private Equity",9146,"0",NULL,"no email"
807,"Irwin, Contreras and Mann","Singapore",1989,"Market Research",1191,"0",NULL,"no email"
808,"Hickman Inc","Saint Lucia",2008,"Architecture / Planning",5760,"0",NULL,"no email"
809,"Norman-Ford","Ethiopia",2018,"Financial Services",3382,"0",NULL,"no email"
810,"Estes, Gilbert and Blevins","Vanuatu",1994,"Apparel / Fashion",5565,"0",NULL,"no email"
811,"Mejia, Woods and Austin","Tuvalu",2010,"Alternative Dispute Resolution",1987,"0",NULL,"no email"
812,"Bryan Group","New Zealand",2021,"Banking / Mortgage",3079,"0",NULL,"no email"
813,"Suarez-Flynn","Mauritius",1998,"Legal Services",9600,"0",NULL,"no email"
814,"Calhoun, Becker and Madden","Saint Helena",1983,"Civic / Social Organization",8073,"0",NULL,"no email"
815,"Wells Group","Marshall Islands",2021,"Maritime",1464,"0",NULL,"no email"
816,"Lopez PLC","Tonga",1995,"E - Learning",444,"0",NULL,"no email"
817,"Valencia Group","Seychelles",1999,"Higher Education / Acadamia",499,"0",NULL,"no email"
818,"Mcpherson, Davila and Richard","Reunion",1975,"E - Learning",8856,"0",NULL,"no email"
819,"Mcdonald, Jacobson and Fischer","Czech Republic",1975,"Outsourcing / Offshoring",6572,"0",NULL,"no email"
820,"Herring-Blake","Falkland Islands (Malvinas)",2002,"Internet",2268,"0",NULL,"no email"
821,"Horne, Cherry and Santana","Azerbaijan",1981,"Financial Services",7298,"0",NULL,"no email"
822,"Mays-Beasley","Montenegro",1972,"Publishing Industry",7397,"0",NULL,"no email"
823,"Stuart Ltd","Azerbaijan",2021,"Luxury Goods / Jewelry",6472,"0",NULL,"no email"
824,"Montes Inc","Russian Federation",2014,"Railroad Manufacture",5365,"0",NULL,"no email"
825,"Scott, Simpson and Burch","Dominica",1979,"Furniture",4408,"0",NULL,"no email"
826,"Ellis, Ewing and Steele","Taiwan",1994,"Mental Health Care",4111,"0",NULL,"no email"
827,"Rios, Huerta and Levy","United Kingdom",2010,"Glass / Ceramics / Concrete",5011,"0",NULL,"no email"
828,"Holland Ltd","British Virgin Islands",1995,"Plastics",5096,"0",NULL,"no email"
829,"Cowan-Sanford","Switzerland",2016,"Shipbuilding",5200,"0",NULL,"no email"
830,"Whitehead and Sons","Bolivia",2005,"Oil / Energy / Solar / Greentech",338,"0",NULL,"no email"
831,"Espinoza, Stephens and Spencer","Central African Republic",2002,"Glass / Ceramics / Concrete",3784,"0",NULL,"no email"
832,"Kane, Baldwin and Clayton","Syrian Arab Republic",1980,"Library",9592,"0",NULL,"no email"
833,"Lowe LLC","American Samoa",1971,"Political Organization",7249,"0",NULL,"no email"
834,"Malone Group","Sweden",2011,"Business Supplies / Equipment",9386,"0",NULL,"no email"
835,"Contreras, Bryant and Eaton","Saint Helena",1992,"Logistics / Procurement",5196,"0",NULL,"no email"
836,"Terrell Inc","China",1983,"Food / Beverages",7961,"0",NULL,"no email"
837,"Good, Mcconnell and Ballard","Bahamas",1991,"Information Technology / IT",4089,"0",NULL,"no email"
838,"Chang, Solis and Beasley","Liechtenstein",2011,"Staffing / Recruiting",3267,"0",NULL,"no email"
839,"Yates, Hines and Cohen","Hungary",2002,"Computer / Network Security",6926,"0",NULL,"no email"
840,"Flowers, Poole and Rose","Seychelles",1994,"Wholesale",7678,"0",NULL,"no email"
841,"Greer LLC","Macedonia",2010,"Think Tanks",9656,"0",NULL,"no email"
842,"Vargas Ltd","Dominica",1989,"Human Resources / HR",3162,"0",NULL,"no email"
843,"Ali, Thomas and Steele","Lithuania",1996,"Gambling / Casinos",6541,"0",NULL,"no email"
844,"Patterson, Reid and Randolph","Saint Helena",2018,"Internet",3434,"0",NULL,"no email"
845,"Calhoun and Sons","Jordan",1999,"Government Administration",5723,"0",NULL,"no email"
846,"Riddle, Woodard and Lara","Saint Kitts and Nevis",1975,"Information Technology / IT",7338,"0",NULL,"no email"
847,"Cook-Dunn","Gibraltar",2009,"Marketing / Advertising / Sales",6176,"0",NULL,"no email"
848,"Walker Group","Palau",2000,"Civic / Social Organization",9952,"0",NULL,"no email"
849,"Moon-Stein","United States Virgin Islands",2007,"Individual / Family Services",5477,"0",NULL,"no email"
850,"Graham-Hudson","Martinique",1988,"Ranching",9392,"0",NULL,"no email"
851,"Payne, Blevins and Bonilla","Ireland",2012,"Alternative Medicine",7649,"0",NULL,"no email"
852,"Fisher PLC","Monaco",2007,"Research Industry",2983,"0",NULL,"no email"
853,"Sanchez, Pugh and Decker","Chile",2022,"Alternative Dispute Resolution",8917,"0",NULL,"no email"
854,"Mcbride PLC","Guernsey",1986,"Machinery",9376,"0",NULL,"no email"
855,"Parrish Group","Heard Island and McDonald Islands",1988,"Defense / Space",4308,"0",NULL,"no email"
856,"Mercer, Bush and Moore","Mali",2002,"Writing / Editing",9852,"0",NULL,"no email"
857,"Padilla and Sons","Malaysia",1998,"Media Production",7222,"0",NULL,"no email"
858,"Huerta-Gates","Mongolia",2001,"Market Research",2142,"0",NULL,"no email"
859,"Wong Inc","Zimbabwe",1976,"Performing Arts",2168,"0",NULL,"no email"
860,"Meadows, Howard and York","Honduras",1997,"Computer Games",6597,"0",NULL,"no email"
861,"Hayes-Larsen","Ecuador",2005,"Food / Beverages",5540,"0",NULL,"no email"
862,"Herrera Ltd","United States Minor Outlying Islands",1981,"Consumer Electronics",5244,"0",NULL,"no email"
863,"Holmes-Wise","Holy See (Vatican City State)",2001,"Mental Health Care",5662,"0",NULL,"no email"
864,"Glover, Roach and Alexander","Gambia",1971,"Apparel / Fashion",8383,"0",NULL,"no email"
865,"Mooney and Sons","Saint Lucia",2004,"Renewables / Environment",488,"0",NULL,"no email"
866,"Hurley Group","Christmas Island",1987,"Staffing / Recruiting",9469,"0",NULL,"no email"
867,"May-Baird","Qatar",2009,"Government Administration",8399,"0",NULL,"no email"
868,"Santana Group","Heard Island and McDonald Islands",2022,"Fishery",8873,"0",NULL,"no email"
869,"Dixon Ltd","Jordan",2018,"Philanthropy",1397,"0",NULL,"no email"
870,"Beard-Hoffman","Turkmenistan",2004,"Computer Games",5485,"0",NULL,"no email"
871,"Murray-Meadows","British Indian Ocean Territory (Chagos Archipelago)",1996,"International Trade / Development",9655,"0",NULL,"no email"
872,"Perry, Doyle and Arias","Saint Lucia",1987,"Oil / Energy / Solar / Greentech",9052,"0",NULL,"no email"
873,"Tyler-Holland","Madagascar",1970,"Banking / Mortgage",6020,"0",NULL,"no email"
874,"Romero LLC","United Kingdom",1990,"Investment Management / Hedge Fund / Private Equity",6827,"0",NULL,"no email"
875,"Adkins, Stewart and Lara","Cuba",1988,"Renewables / Environment",1715,"0",NULL,"no email"
876,"Drake PLC","Maldives",1972,"Museums / Institutions",6654,"0",NULL,"no email"
877,"Short, Stark and Anthony","Syrian Arab Republic",1978,"Religious Institutions",811,"0",NULL,"no email"
878,"Lara Inc","Slovenia",2001,"Motion Pictures / Film",2186,"0",NULL,"no email"
879,"Mejia Inc","Cote d'Ivoire",1972,"Luxury Goods / Jewelry",7578,"0",NULL,"no email"
880,"Daniels, Hester and Spence","Latvia",1980,"Fishery",6822,"0",NULL,"no email"
881,"Page-Estrada","Thailand",2003,"Apparel / Fashion",2633,"0",NULL,"no email"
882,"Walls-Golden","Saint Pierre and Miquelon",2009,"Architecture / Planning",5237,"0",NULL,"no email"
883,"Rogers Inc","British Virgin Islands",1979,"Hospitality",886,"0",NULL,"no email"
884,"Patrick-Frank","Zambia",2010,"Events Services",4585,"0",NULL,"no email"
885,"Stewart Group","Isle of Man",2016,"Media Production",6085,"0",NULL,"no email"
886,"Rubio, Mcintosh and Lewis","Guernsey",2009,"Ranching",2882,"0",NULL,"no email"
887,"Moon-Brewer","South Africa",1983,"Furniture",226,"0",NULL,"no email"
888,"Charles, Velazquez and Woods","Korea",2010,"Cosmetics",6922,"0",NULL,"no email"
889,"Kramer, Meyers and Mckinney","Gambia",1978,"Renewables / Environment",2101,"0",NULL,"no email"
890,"Alvarado Ltd","Papua New Guinea",2003,"Graphic Design / Web Design",2386,"0",NULL,"no email"
891,"Reeves-Martinez","Germany",1974,"Writing / Editing",6639,"0",NULL,"no email"
892,"Peck, Rogers and Conrad","Greece",1987,"Mechanical or Industrial Engineering",6458,"0",NULL,"no email"
893,"Novak PLC","Bouvet Island (Bouvetoya)",1973,"Non - Profit / Volunteering",5821,"0",NULL,"no email"
894,"Carter, Hodge and Franco","Christmas Island",2019,"Maritime",2191,"0",NULL,"no email"
895,"Waller-Mcfarland","Slovakia (Slovak Republic)",1982,"Plastics",2055,"0",NULL,"no email"
896,"Hayes, Saunders and Richards","Portugal",2021,"Medical Practice",2526,"0",NULL,"no email"
897,"Herring-Orr","Germany",2003,"Financial Services",8986,"0",NULL,"no email"
898,"Bridges Ltd","Tuvalu",1997,"International Trade / Development",1583,"0",NULL,"no email"
899,"Walsh-Shelton","Tunisia",2001,"Pharmaceuticals",9737,"0",NULL,"no email"
900,"George-Hamilton","Gambia",1980,"Medical Equipment",3399,"0",NULL,"no email"
901,"Hartman and Sons","Senegal",1987,"Industrial Automation",8987,"0",NULL,"no email"
902,"Chen PLC","Germany",2006,"Environmental Services",3547,"0",NULL,"no email"
903,"Wilkins and Sons","Switzerland",1994,"Information Services",8335,"0",NULL,"no email"
904,"Mckay Inc","Tajikistan",1974,"Non - Profit / Volunteering",4823,"0",NULL,"no email"
905,"Jennings-Drake","Cambodia",1977,"Leisure / Travel",1422,"0",NULL,"no email"
906,"Wolfe-Figueroa","United Arab Emirates",1999,"Law Practice / Law Firms",6709,"0",NULL,"no email"
907,"Grant LLC","Ireland",2012,"Warehousing",2368,"0",NULL,"no email"
908,"Ochoa-Vaughn","Kyrgyz Republic",2007,"Ranching",4342,"0",NULL,"no email"
909,"Rodgers LLC","Congo",1980,"Executive Office",1587,"0",NULL,"no email"
910,"Ford-Stanton","Falkland Islands (Malvinas)",2005,"Wholesale",1903,"0",NULL,"no email"
911,"Clements Group","Guinea",2017,"Outsourcing / Offshoring",1615,"0",NULL,"no email"
912,"Mann-Mason","Faroe Islands",2001,"Business Supplies / Equipment",2726,"0",NULL,"no email"
913,"Wilkins and Sons","Tokelau",1996,"Accounting",4615,"0",NULL,"no email"
914,"Becker-Mann","Congo",1973,"Farming",795,"0",NULL,"no email"
915,"Cortez-Gibson","Singapore",2006,"Furniture",7581,"0",NULL,"no email"
916,"Randolph, Trujillo and Frost","Finland",1987,"Online Publishing",4238,"0",NULL,"no email"
917,"Allison-Spears","Egypt",2008,"Broadcast Media",869,"0",NULL,"no email"
918,"Parks Group","Saint Vincent and the Grenadines",2011,"Insurance",7625,"0",NULL,"no email"
919,"Webster-Mclean","Saint Vincent and the Grenadines",1991,"Music",5392,"0",NULL,"no email"
920,"Rhodes Ltd","Tonga",2006,"Health / Fitness",3565,"0",NULL,"no email"
921,"Floyd, Novak and Cohen","Nicaragua",2001,"Philanthropy",8594,"0",NULL,"no email"
922,"Bennett PLC","Niue",2001,"Aviation / Aerospace",8909,"0",NULL,"no email"
923,"Macdonald Group","Antigua and Barbuda",2016,"Individual / Family Services",778,"0",NULL,"no email"
924,"Mcconnell, Hardin and Heath","Netherlands",1994,"Printing",5359,"0",NULL,"no email"
925,"Collins Group","Andorra",2002,"Alternative Dispute Resolution",6644,"0",NULL,"no email"
926,"Mccullough and Sons","Cook Islands",1985,"Publishing Industry",3634,"0",NULL,"no email"
927,"Farmer-Paul","Mongolia",2002,"Capital Markets / Hedge Fund / Private Equity",6681,"0",NULL,"no email"
928,"Murillo-Woods","Bolivia",1981,"Food / Beverages",7222,"0",NULL,"no email"
929,"Trevino Group","Benin",2012,"Renewables / Environment",3985,"0",NULL,"no email"
930,"Fitzgerald, Dunn and Edwards","Malta",2019,"Military Industry",4200,"0",NULL,"no email"
931,"Novak, Petty and Mcintyre","British Indian Ocean Territory (Chagos Archipelago)",1979,"Wireless",7809,"0",NULL,"no email"
932,"Oliver-Walter","Panama",1995,"Information Services",3910,"0",NULL,"no email"
933,"Silva-Ray","Haiti",2002,"Capital Markets / Hedge Fund / Private Equity",7913,"0",NULL,"no email"
934,"Riddle, Leach and Gould","Afghanistan",1991,"Ranching",3695,"0",NULL,"no email"
935,"Mckinney PLC","Guadeloupe",2001,"Hospital / Health Care",7846,"0",NULL,"no email"
936,"Hodges, Good and Kirby","Haiti",2012,"Computer Hardware",5703,"0",NULL,"no email"
937,"Kelley-Cantu","Zimbabwe",2018,"Library",5526,"0",NULL,"no email"
938,"Lozano-Brooks","Moldova",2016,"Gambling / Casinos",5730,"0",NULL,"no email"
939,"Hicks PLC","Saint Lucia",1979,"Security / Investigations",880,"0",NULL,"no email"
940,"Morse PLC","Timor-Leste",2017,"Supermarkets",9044,"0",NULL,"no email"
941,"Rush PLC","Saint Barthelemy",2009,"Government Relations",1141,"0",NULL,"no email"
942,"Barr, James and Gilbert","Cyprus",1989,"Paper / Forest Products",8147,"0",NULL,"no email"
943,"Miranda, Bell and Sanders","Liberia",1995,"Fine Art",895,"0",NULL,"no email"
944,"Coffey, Pope and Sims","Cuba",2013,"Pharmaceuticals",6139,"0",NULL,"no email"
945,"Montoya Group","Micronesia",1970,"Medical Equipment",6865,"0",NULL,"no email"
946,"Dominguez, Branch and Mcgee","New Caledonia",2000,"Railroad Manufacture",9858,"0",NULL,"no email"
947,"Fuentes Ltd","Bhutan",2019,"Industrial Automation",643,"0",NULL,"no email"
948,"Hansen, Chan and Molina","Benin",1994,"Translation / Localization",8534,"0",NULL,"no email"
949,"Willis-Skinner","Belize",2014,"Religious Institutions",2540,"0",NULL,"no email"
950,"Ballard and Sons","Nicaragua",1988,"Apparel / Fashion",8756,"0",NULL,"no email"
951,"Esparza LLC","Cook Islands",1994,"Telecommunications",2776,"0",NULL,"no email"
952,"Carson-Salas","Iceland",2021,"Furniture",2253,"0",NULL,"no email"
953,"Mckee-Bonilla","Bolivia",2013,"Leisure / Travel",157,"0",NULL,"no email"
954,"Espinoza LLC","Armenia",1979,"Law Practice / Law Firms",7668,"0",NULL,"no email"
955,"Olson-Curtis","Slovenia",1998,"Individual / Family Services",2529,"0",NULL,"no email"
956,"Landry Group","Burkina Faso",2019,"Chemicals",2273,"0",NULL,"no email"
957,"Logan-Chen","Burkina Faso",1996,"Industrial Automation",7532,"0",NULL,"no email"
958,"Gordon-Marshall","China",2019,"Accounting",5282,"0",NULL,"no email"
959,"Pollard and Sons","Gambia",1979,"Insurance",3098,"0",NULL,"no email"
960,"Bryan PLC","Gambia",1986,"Government Administration",8423,"0",NULL,"no email"
961,"Mckay and Sons","Venezuela",1987,"Government Administration",4906,"0",NULL,"no email"
962,"Dickerson, Dennis and Decker","San Marino",1990,"Oil / Energy / Solar / Greentech",1306,"0",NULL,"no email"
963,"Caldwell, Shaffer and Woods","British Virgin Islands",1974,"Health / Fitness",959,"0",NULL,"no email"
964,"Thomas, Hudson and Reyes","Montenegro",1984,"Museums / Institutions",5311,"0",NULL,"no email"
965,"Wheeler and Sons","South Africa",2011,"Health / Fitness",3958,"0",NULL,"no email"
966,"Sherman-Sutton","Kiribati",1972,"Electrical / Electronic Manufacturing",3488,"0",NULL,"no email"
967,"Avila-Garza","Austria",1987,"Computer Networking",4204,"0",NULL,"no email"
968,"Blackwell, Kidd and Shields","Bolivia",1971,"Higher Education / Acadamia",219,"0",NULL,"no email"
969,"Blanchard, Forbes and Mendez","Brunei Darussalam",1994,"Import / Export",5533,"0",NULL,"no email"
970,"Khan, Trevino and Armstrong","Uzbekistan",1985,"Legal Services",1559,"0",NULL,"no email"
971,"Sanford LLC","American Samoa",1980,"Computer Hardware",3512,"0",NULL,"no email"
972,"Norris Ltd","Rwanda",2006,"Glass / Ceramics / Concrete",3416,"0",NULL,"no email"
973,"Griffin and Sons","Australia",2000,"Other Industry",7640,"0",NULL,"no email"
974,"Lewis, Frank and Pittman","Central African Republic",1985,"Legislative Office",6628,"0",NULL,"no email"
975,"Oconnor Ltd","Norway",2019,"Outsourcing / Offshoring",9774,"0",NULL,"no email"
976,"Hanna-Richardson","Nicaragua",1975,"Sporting Goods",8738,"0",NULL,"no email"
977,"Mcclain-Wilcox","Cameroon",1981,"Pharmaceuticals",1740,"0",NULL,"no email"
978,"Cunningham and Sons","Turks and Caicos Islands",1991,"Import / Export",2190,"0",NULL,"no email"
979,"Pearson-Fletcher","Bolivia",1987,"Consumer Services",7374,"0",NULL,"no email"
980,"Potter, Murillo and Garza","Algeria",1977,"Music",1552,"0",NULL,"no email"
981,"Duffy and Sons","Burkina Faso",2011,"Insurance",5250,"0",NULL,"no email"
982,"Harvey-Horton","Austria",2007,"Pharmaceuticals",3787,"0",NULL,"no email"
983,"Finley-Lee","Mexico",1985,"Utilities",6652,"0",NULL,"no email"
984,"Morse and Sons","Serbia",1975,"Gambling / Casinos",1580,"0",NULL,"no email"
985,"Johns-Pham","Tunisia",2009,"Oil / Energy / Solar / Greentech",4644,"0",NULL,"no email"
986,"Tucker, Rocha and Bonilla","Anguilla",2016,"Library",8125,"0",NULL,"no email"
987,"Mullins, Castaneda and Bernard","Argentina",1998,"Research Industry",8861,"0",NULL,"no email"
988,"Alexander PLC","Barbados",1999,"Financial Services",3866,"0",NULL,"no email"
989,"Bass, Mcintosh and Harrison","Jordan",1983,"Insurance",2712,"0",NULL,"no email"
990,"Tanner, Lambert and Strickland","Botswana",1985,"Recreational Facilities / Services",5597,"0",NULL,"no email"
991,"Nixon LLC","Tanzania",2019,"Writing / Editing",7940,"0",NULL,"no email"
992,"Vega, Miller and Calderon","Cambodia",2012,"Professional Training",8250,"0",NULL,"no email"
993,"Howe and Sons","Cocos (Keeling) Islands",2007,"Logistics / Procurement",1424,"0",NULL,"no email"
994,"Hood Ltd","Cote d'Ivoire",1972,"Machinery",640,"0",NULL,"no email"
995,"Curtis LLC","Finland",1975,"Philanthropy",36,"0",NULL,"no email"
996,"Bullock Group","Turkmenistan",1998,"Wine / Spirits",6547,"0",NULL,"no email"
997,"Mason Inc","United States of America",2015,"Law Enforcement",9723,"0",NULL,"no email"
998,"Houston and Sons","Kenya",1981,"Civic / Social Organization",5355,"0",NULL,"no email"
999,"Olson-Solomon","Cocos (Keeling) Islands",2013,"Investment Banking / Venture",3825,"0",NULL,"no email"
1000,"Maddox, Owen and Shepherd","Guinea",2019,"Animation",4467,"0",NULL,"no email"
24,"Ford, Patel and Singleton","Iraq",2020,"Defense / Space",7245,"0",NULL,"no email"
